"STATE","state_fips","ZIPCODE","ERETURN14","ENEW14","EEIC14","EEICAM14","ECTC14","ECTCAM14","EACTC14","EACTCAM14","ECDCTC14","EEDCR14","ESLD14","EREF14","EREFAM14","EBAL14","EBALAM14","EDIRDP14","ERAL14","ERAC14","ESELF14","EPAID14","EVOL14","E1040_14","E1040A_14","E1040Z_14","ECEF14","EAGI0_14","EAGI5_14","EAGI10_14","EAGI15_14","EAGI20_14","EAGI25_14","EAGI30_14","EAGI35_14","EAGI40_14","EAGI50_14"
SC,45,"=""29001""",297,0,297,"849,350",53,"29,406",184,"221,196",0,0,0,288,"1,227,863",0,"3,362",258,0,184,72,221,0,153,124,0,73,26,54,70,65,38,0,0,0,0,0
SC,45,"=""29003""",850,0,850,"2,419,279",185,"123,033",568,"679,461",44,48,32,827,"3,580,234",23,"14,851",774,0,496,338,505,0,411,394,0,208,59,147,197,136,122,92,49,26,21,0
SC,45,"=""29006""","1,112",0,"1,112","2,925,493",294,"216,265",702,"905,539",37,31,34,"1,082","4,669,240",30,"30,920",935,0,621,402,696,0,595,459,0,212,87,177,225,193,131,104,85,52,58,0
SC,45,"=""29009""",256,0,256,"661,911",51,"31,442",147,"183,200",0,0,0,251,"1,011,218",0,"7,896",205,0,124,110,141,0,138,105,0,53,24,48,50,39,26,27,25,0,0,0
SC,45,"=""29010""","1,777",26,"1,777","4,842,825",402,"258,147","1,099","1,326,085",76,83,42,"1,741","7,241,095",36,"21,090","1,596",0,"1,168",521,"1,236",0,948,717,0,313,149,286,400,304,225,180,115,72,44,0
SC,45,"=""29014""",212,0,212,"487,890",67,"52,645",124,"136,708",0,0,0,204,"799,811",0,"10,147",190,0,106,70,139,0,118,81,0,31,0,32,43,0,31,28,0,0,0,0
SC,45,"=""29015""",275,0,275,"762,756",55,"35,562",159,"195,850",23,22,0,269,"1,133,933",0,"3,715",253,0,148,80,194,0,141,120,0,61,0,32,67,51,35,37,22,0,0,0
SC,45,"=""29016""","1,285",0,"1,285","2,967,643",344,"258,494",752,"958,302",140,112,111,"1,244","5,106,456",41,"31,355","1,120",0,564,698,550,37,758,442,0,320,94,175,259,163,153,152,109,84,91,0
SC,45,"=""29018""",572,0,572,"1,544,449",144,"88,722",353,"423,638",23,33,0,562,"2,408,048",0,"7,229",499,0,340,233,334,0,297,241,0,106,42,96,116,98,75,65,43,25,0,0
SC,45,"=""29020""","2,458",33,"2,458","6,290,389",572,"395,990","1,520","1,871,727",175,141,87,"2,404","9,786,143",53,"44,056","2,217",0,"1,200","1,048","1,311",99,"1,329",972,0,510,182,429,587,361,269,241,177,105,99,0
SC,45,"=""29021""",44,0,44,"99,911",9,"6,090",9,"19,403",0,0,0,43,"139,630",0,"1,655",36,0,0,0,23,0,27,0,0,0,0,0,0,0,0,0,0,0,0,0
SC,45,"=""29030""",171,0,171,"378,706",41,"32,182",90,"94,930",0,0,0,166,"616,352",0,986,144,0,87,66,104,0,107,56,0,36,0,35,34,0,0,0,0,0,0,0
SC,45,"=""29031""",217,0,217,"524,758",74,"50,052",134,"141,441",0,0,0,207,"811,502",0,"6,525",189,0,95,53,163,0,107,101,0,31,0,32,40,38,28,28,21,0,0,0
SC,45,"=""29032""",568,0,568,"1,557,996",144,"95,452",365,"467,147",0,22,0,561,"2,364,288",0,"5,852",508,0,304,245,315,0,306,222,0,119,37,93,125,92,67,61,41,25,25,0
SC,45,"=""29033""","1,226",21,"1,226","2,912,666",275,"199,285",723,"875,589",74,54,56,"1,199","4,574,372",27,"24,432","1,081",0,576,650,562,0,657,457,0,246,110,244,300,161,111,104,93,58,42,0
SC,45,"=""29036""",756,0,756,"1,554,212",222,"197,047",404,"490,382",66,44,63,713,"2,634,264",43,"50,470",635,0,236,406,342,0,453,253,0,210,83,110,136,87,62,80,66,50,79,0
SC,45,"=""29037""",83,0,83,"196,454",21,"13,729",44,"55,848",0,0,0,79,"316,218",0,"4,436",71,0,40,30,52,0,52,27,0,0,0,0,22,0,0,0,0,0,0,0
SC,45,"=""29038""",281,0,281,"752,581",80,"56,346",181,"230,627",0,0,0,272,"1,220,455",0,"9,350",249,0,145,110,169,0,158,106,0,64,0,45,58,46,29,30,33,0,0,0
SC,45,"=""29039""",610,0,610,"1,663,897",134,"92,152",397,"499,233",35,45,0,598,"2,610,054",0,"6,040",545,0,359,239,366,0,305,277,0,115,52,100,134,97,68,62,37,34,25,0
SC,45,"=""29040""","1,228",0,"1,228","3,247,418",372,"256,407",813,"1,034,459",105,91,63,"1,205","5,672,726",23,"25,117","1,153",0,621,627,551,50,624,533,0,209,65,157,238,180,166,143,126,79,68,0
SC,45,"=""29042""",767,0,767,"2,152,041",149,"94,506",501,"598,440",36,58,0,761,"3,290,839",0,"4,812",716,0,454,365,399,0,381,339,0,118,71,122,169,135,106,65,43,42,0,0
SC,45,"=""29044""",765,0,765,"2,066,754",151,"103,575",481,"585,395",45,35,0,751,"3,140,942",0,"6,868",686,0,383,386,362,0,402,312,0,158,75,130,181,115,93,68,54,36,0,0
SC,45,"=""29045""","2,060",0,"2,060","5,014,737",576,"442,048","1,282","1,641,043",156,147,146,"1,998","8,478,386",62,"56,852","1,835",0,963,"1,106",912,42,"1,132",811,0,499,184,302,368,279,225,199,187,175,130,0
SC,45,"=""29046""",51,0,51,"145,257",9,"8,665",31,"38,640",0,0,0,50,"225,963",0,169,49,0,36,0,30,0,0,30,0,0,0,0,0,0,0,0,0,0,0,0
SC,45,"=""29047""",438,0,438,"1,171,734",98,"57,170",268,"312,528",0,35,0,425,"1,787,420",0,"9,917",382,0,251,150,285,0,249,166,0,93,28,72,107,75,62,31,40,0,0,0
SC,45,"=""29048""",641,0,641,"1,765,991",134,"88,356",382,"472,087",28,42,25,629,"2,659,217",0,"10,085",574,0,387,228,393,0,381,227,0,117,39,119,149,107,84,56,45,28,0,0
SC,45,"=""29051""",120,0,120,"353,942",33,"21,809",83,"94,956",0,0,0,117,"536,348",0,"3,027",109,0,76,43,77,0,61,57,0,27,0,22,0,26,0,0,0,0,0,0
SC,45,"=""29052""",304,0,304,"795,373",81,"49,216",188,"212,583",0,0,0,298,"1,237,770",0,"3,294",278,0,172,150,149,0,138,142,0,42,0,55,66,45,42,26,26,0,0,0
SC,45,"=""29053""","2,605",39,"2,605","7,241,631",644,"480,822","1,726","2,247,841",137,94,84,"2,537","11,156,268",68,"61,437","2,350",40,"1,376","1,287","1,295",23,"1,398","1,031",0,585,199,401,583,397,298,254,212,139,118,0
SC,45,"=""29054""",713,0,713,"1,827,650",182,"142,550",451,"625,096",26,34,38,675,"2,824,720",38,"52,860",590,0,307,319,390,0,417,253,0,213,56,112,145,86,86,56,68,47,53,0
SC,45,"=""29055""",591,0,591,"1,499,897",140,"95,653",364,"436,995",30,0,0,585,"2,390,066",0,"4,003",527,0,335,223,362,0,276,277,0,76,45,119,129,92,61,52,39,26,27,0
SC,45,"=""29056""",372,0,372,"1,010,423",93,"48,738",229,"253,894",0,0,0,367,"1,485,366",0,"5,544",307,0,219,113,256,0,169,180,0,78,31,70,83,75,44,29,0,0,0,0
SC,45,"=""29058""",501,0,501,"1,207,334",130,"98,104",295,"359,391",30,0,0,483,"1,929,438",0,"16,127",432,0,259,129,358,0,348,124,0,113,43,85,120,73,40,46,37,26,29,0
SC,45,"=""29059""",912,0,912,"2,693,809",181,"113,082",611,"727,786",47,44,26,902,"3,917,751",0,"6,727",824,0,525,364,544,0,566,321,0,215,51,162,240,163,93,78,67,32,25,0
SC,45,"=""29061""","1,947",24,"1,947","5,152,493",509,"334,892","1,270","1,586,378",175,137,104,"1,909","8,275,196",38,"29,267","1,794",0,"1,020","1,056",848,43,"1,020",824,0,351,134,295,411,279,251,234,162,107,74,0
SC,45,"=""29063""","2,477",0,"2,477","5,722,062",751,"598,604","1,477","1,957,020",286,217,232,"2,382","9,651,894",94,"90,463","2,178",25,"1,057","1,422","1,002",53,"1,454",859,0,607,175,331,463,276,277,290,248,208,201,0
SC,45,"=""29065""",113,0,113,"311,515",30,"17,145",64,"80,060",0,0,0,111,"485,482",0,338,102,0,43,27,86,0,59,51,0,26,0,0,27,0,0,22,0,0,0,0
SC,45,"=""29067""",937,0,937,"2,438,917",259,"179,212",588,"767,957",28,22,21,909,"3,814,655",28,"20,094",807,0,483,320,597,0,548,313,0,194,94,165,183,134,95,80,71,52,58,0
SC,45,"=""29069""",700,0,700,"1,952,963",135,"85,241",433,"534,159",31,41,0,690,"3,011,966",0,"4,868",631,0,467,219,473,0,312,336,0,141,58,122,165,129,83,51,51,25,0,0
SC,45,"=""29070""","1,456",0,"1,456","3,636,359",382,"294,165",873,"1,127,838",61,65,43,"1,396","5,850,530",60,"67,523","1,225",0,703,655,787,0,815,547,0,332,131,219,274,208,174,155,118,84,87,0
SC,45,"=""29071""",43,0,43,"101,809",9,"6,738",24,"27,256",0,0,0,40,"147,716",0,"1,765",34,0,0,0,28,0,0,0,0,0,0,0,0,0,0,0,0,0,0,0
SC,45,"=""29072""","2,600",29,"2,600","5,565,674",786,"648,152","1,506","1,879,787",266,178,236,"2,509","9,729,634",91,"100,577","2,239",0,964,"1,414","1,151",35,"1,446",955,0,627,243,369,464,291,268,285,242,192,230,0
SC,45,"=""29073""","3,958",38,"3,958","9,759,226","1,113","869,436","2,492","3,207,678",313,203,225,"3,831","15,945,481",126,"106,147","3,505",34,"1,753","2,101","1,813",44,"2,154","1,549",0,906,317,579,804,506,418,381,385,267,289,0
SC,45,"=""29075""",216,0,216,"496,767",53,"39,680",118,"149,346",0,0,0,211,"835,012",0,"4,288",177,0,96,112,101,0,112,88,0,34,0,26,49,40,25,0,0,0,0,0
SC,45,"=""29078""","1,637",0,"1,637","4,138,938",445,"329,337","1,026","1,312,976",139,61,88,"1,598","6,716,919",39,"34,367","1,473",0,778,807,787,43,829,702,0,331,117,251,349,238,167,182,132,100,99,0
SC,45,"=""29079""",45,0,45,"109,644",5,"3,433",26,"27,480",0,0,0,43,"172,869",0,"2,206",40,0,22,0,30,0,22,21,0,0,0,0,0,0,0,0,0,0,0,0
SC,45,"=""29080""",543,0,543,"1,499,802",119,"74,815",330,"374,469",0,28,0,539,"2,184,148",0,"4,181",479,0,344,199,336,0,300,213,0,101,36,102,133,92,67,53,32,23,0,0
SC,45,"=""29081""",143,0,143,"390,581",33,"18,418",87,"108,013",0,0,0,140,"590,320",0,"1,045",118,0,65,64,78,0,84,45,0,34,0,0,41,0,23,0,0,0,0,0
SC,45,"=""29082""",42,0,42,"119,287",9,"8,762",29,"35,438",0,0,0,40,"182,716",0,"2,955",37,0,22,0,29,0,23,0,0,0,0,0,0,0,0,0,0,0,0,0
SC,45,"=""29101""",387,0,387,"993,294",96,"72,147",243,"290,486",0,0,0,380,"1,574,863",0,"3,916",326,0,203,133,252,0,198,166,0,78,23,62,100,59,45,25,23,30,0,0
SC,45,"=""29102""","2,538",53,"2,538","7,050,923",522,"341,980","1,591","1,926,895",69,124,59,"2,461","10,229,963",77,"55,299","2,191",47,"1,567",628,"1,891",0,"1,220","1,140",0,611,201,500,636,400,275,179,163,103,80,0
SC,45,"=""29104""",280,0,280,"772,291",76,"46,703",171,"212,692",0,0,0,273,"1,146,219",0,"3,177",251,0,184,98,177,0,178,94,0,54,0,49,65,53,30,30,0,0,0,0
SC,45,"=""29105""",197,0,197,"453,281",48,"33,041",123,"147,784",0,0,0,193,"721,981",0,"2,860",155,0,101,94,103,0,82,104,0,21,25,33,48,0,23,0,0,0,0,0
SC,45,"=""29107""",399,0,399,"1,085,540",90,"65,922",249,"301,188",0,0,0,392,"1,589,031",0,"7,875",354,0,197,144,253,0,210,165,0,105,32,67,96,63,43,34,36,0,0,0
SC,45,"=""29108""","2,627",53,"2,627","6,987,911",608,"424,192","1,717","2,173,073",182,119,61,"2,599","10,859,921",28,"18,896","2,303",55,"1,340","1,080","1,508",39,"1,623",852,0,382,197,452,583,389,302,280,211,135,73,0
SC,45,"=""29111""",221,0,221,"678,950",63,"36,225",151,"187,687",0,0,0,218,"987,252",0,"4,842",200,0,154,54,167,0,99,113,0,53,0,36,52,44,27,0,0,0,0,0
SC,45,"=""29112""",634,0,634,"1,636,377",135,"90,174",371,"455,993",0,34,0,615,"2,475,944",0,"15,052",529,0,296,246,383,0,301,281,0,134,56,114,139,97,65,64,52,31,0,0
SC,45,"=""29113""",230,0,230,"647,483",63,"40,795",148,"184,032",0,0,0,229,"991,838",0,314,200,0,135,91,137,0,120,93,0,43,0,44,49,34,31,32,0,0,0,0
SC,45,"=""29114""",330,0,330,"940,677",83,"57,250",218,"259,212",0,0,0,323,"1,412,629",0,"2,771",287,0,206,110,217,0,170,143,0,83,29,52,80,56,33,32,21,0,0,0
SC,45,"=""29115""","4,569",91,"4,569","12,817,828",893,"570,968","2,959","3,578,636",229,321,149,"4,500","19,494,298",69,"34,413","4,130",66,"2,749","1,815","2,710",44,"2,562","1,771",0,805,379,867,"1,069",815,507,394,286,184,67,0
SC,45,"=""29116""",169,0,169,"430,066",34,"23,571",94,"112,059",0,0,0,161,"666,806",0,"2,542",134,0,60,80,85,0,83,71,0,33,0,29,31,27,21,0,0,0,0,0
SC,45,"=""29118""","1,799",42,"1,799","4,769,472",384,"259,905","1,148","1,421,641",133,161,95,"1,762","7,527,164",37,"27,088","1,631",28,966,734,"1,039",26,976,723,0,331,139,284,426,275,208,179,150,96,40,0
SC,45,"=""29123""",858,0,858,"2,341,544",222,"160,761",559,"739,915",28,29,27,837,"3,657,380",21,"18,642",760,0,417,423,425,0,482,308,0,201,65,129,195,117,97,75,66,61,47,0
SC,45,"=""29125""",469,0,469,"1,238,892",105,"71,815",275,"324,907",25,27,0,460,"1,881,462",0,"4,172",411,0,289,143,319,0,256,188,0,109,38,67,107,90,51,39,43,0,0,0
SC,45,"=""29126""",188,0,188,"450,949",46,"37,169",107,"128,294",0,0,0,184,"713,225",0,"2,302",153,0,72,85,103,0,97,76,0,31,0,32,44,0,23,0,0,0,0,0
SC,45,"=""29127""",710,0,710,"1,673,502",179,"133,129",422,"533,949",40,38,24,693,"2,766,005",0,"10,204",593,0,293,310,380,0,420,241,0,118,62,109,154,96,67,68,66,47,40,0
SC,45,"=""29128""",736,0,736,"2,064,660",163,"102,148",469,"555,390",52,41,26,719,"3,124,463",0,"7,740",685,0,390,367,350,0,390,301,0,135,33,121,182,118,102,80,50,37,0,0
SC,45,"=""29129""",387,0,387,"951,272",104,"66,916",231,"287,326",0,23,0,377,"1,521,349",0,"7,094",318,0,201,143,241,0,198,164,0,77,26,71,71,55,50,48,26,24,0,0
SC,45,"=""29130""",682,0,682,"1,707,603",162,"106,109",408,"521,575",55,46,24,664,"2,752,921",0,"6,609",602,0,358,283,383,0,358,274,0,142,48,111,142,105,87,69,49,40,30,0
SC,45,"=""29133""",125,0,125,"325,552",32,"24,063",71,"88,637",0,0,0,124,"504,712",0,480,109,0,66,50,74,0,59,58,0,24,0,0,25,23,0,0,0,0,0,0
SC,45,"=""29135""","1,113",0,"1,113","2,917,181",273,"193,110",675,"845,352",48,83,34,"1,087","4,629,014",25,"12,424",971,21,631,472,626,0,525,509,0,162,86,175,244,180,138,106,84,52,48,0
SC,45,"=""29137""",349,0,349,"1,004,721",85,"58,482",240,"301,753",0,0,0,337,"1,500,878",0,"13,115",307,0,181,150,193,0,194,137,0,82,26,62,84,50,41,34,21,0,0,0
SC,45,"=""29138""","1,140",35,"1,140","2,996,543",298,"215,700",696,"910,740",51,42,35,"1,105","4,568,464",35,"30,476",953,0,590,429,699,0,613,454,0,233,75,192,234,172,153,103,77,73,59,0
SC,45,"=""29142""",773,0,773,"2,226,732",161,"93,236",500,"610,448",24,42,0,757,"3,259,236",0,"21,054",676,0,475,248,518,0,461,270,0,146,41,155,190,141,102,67,43,0,0,0
SC,45,"=""29145""",92,0,92,"206,656",22,"17,942",53,"63,211",0,0,0,86,"353,721",0,"2,911",77,0,48,39,52,0,41,41,0,0,0,0,0,0,0,0,0,0,0,0
SC,45,"=""29146""",226,0,226,"522,455",67,"51,039",119,"130,132",0,0,0,222,"841,708",0,"4,826",201,0,129,84,142,0,117,96,0,48,21,43,31,33,32,31,0,0,0,0
SC,45,"=""29148""",776,0,776,"2,103,063",138,"79,397",456,"536,935",21,27,0,761,"3,028,114",0,"11,529",675,0,473,198,572,0,319,396,0,151,62,142,201,126,99,68,37,23,0,0
SC,45,"=""29150""","5,656",106,"5,656","15,829,124","1,152","747,132","3,612","4,441,579",299,302,158,"5,545","23,568,598",111,"90,112","5,164",31,"3,334","2,343","3,140",173,"3,391","1,985",0,"1,299",431,"1,064","1,434",904,651,467,343,205,150,0
SC,45,"=""29151""",222,0,222,"470,486",39,"25,487",88,"102,823",0,0,0,217,"706,176",0,"4,434",196,0,86,103,99,0,150,65,0,32,51,30,46,34,0,0,0,0,0,0
SC,45,"=""29152""",235,0,235,"728,098",95,"74,521",208,"386,207",25,0,32,235,"1,677,902",0,0,235,0,63,153,52,30,77,156,0,27,0,0,0,0,42,45,41,28,37,0
SC,45,"=""29153""","2,360",44,"2,360","6,589,424",489,"318,721","1,496","1,878,030",135,137,69,"2,312","9,881,287",48,"36,127","2,151",0,"1,378",981,"1,311",68,"1,396",837,0,518,189,385,584,405,266,188,167,96,75,0
SC,45,"=""29154""","3,388",41,"3,388","8,872,328",866,"631,676","2,165","2,752,748",271,231,146,"3,302","14,500,930",86,"71,995","3,075",0,"1,728","1,655","1,624",109,"1,923","1,256",0,760,223,513,726,495,382,341,295,212,183,0
SC,45,"=""29160""",901,0,901,"2,303,708",227,"144,467",540,"687,577",48,35,0,868,"3,504,684",32,"31,350",774,0,392,408,486,0,453,389,0,211,82,151,176,136,105,78,86,51,35,0
SC,45,"=""29161""","1,610",29,"1,610","4,412,378",312,"216,596","1,000","1,237,257",81,97,30,"1,577","6,703,070",33,"26,454","1,406",0,943,548,"1,038",24,880,647,0,407,118,276,400,252,190,160,92,64,58,0
SC,45,"=""29162""",324,0,324,"927,550",76,"48,390",212,"269,075",0,0,0,312,"1,373,171",0,"13,688",285,0,178,96,228,0,169,141,0,87,25,53,74,60,34,35,0,0,0,0
SC,45,"=""29163""",364,0,364,"1,029,268",82,"47,782",222,"267,445",0,0,0,363,"1,516,506",0,"1,797",331,0,225,145,218,0,212,134,0,65,0,72,81,65,52,27,27,0,0,0
SC,45,"=""29164""",544,0,544,"1,448,771",114,"82,561",340,"416,089",22,0,28,529,"2,177,043",0,"7,090",461,0,259,181,358,0,328,174,0,140,59,105,110,90,50,42,46,21,0,0
SC,45,"=""29166""",98,0,98,"264,040",31,"20,505",59,"72,697",0,0,0,94,"395,336",0,"5,009",77,0,47,34,64,0,49,45,0,27,0,0,25,0,0,0,0,0,0,0
SC,45,"=""29168""",566,0,566,"1,568,361",109,"75,833",359,"439,392",0,0,0,552,"2,300,853",0,"10,511",517,0,332,274,282,0,308,214,0,120,41,106,144,97,76,33,31,26,0,0
SC,45,"=""29169""","2,016",36,"2,016","4,731,015",445,"322,603","1,158","1,443,949",144,110,104,"1,956","7,355,739",60,"48,904","1,766",0,993,"1,034",949,33,997,825,0,380,202,377,452,305,196,197,120,87,77,0
SC,45,"=""29170""","1,903",26,"1,903","4,490,929",538,"433,140","1,138","1,397,610",161,96,123,"1,845","7,280,806",58,"61,038","1,668",23,856,"1,009",867,27,"1,028",741,0,421,155,295,401,250,186,182,176,134,117,0
SC,45,"=""29171""",77,0,77,"165,591",9,"8,967",38,"54,587",0,0,0,70,"278,369",0,"5,520",63,0,26,35,41,0,40,32,0,0,0,0,0,0,0,0,0,0,0,0
SC,45,"=""29172""","1,072",0,"1,072","2,801,076",276,"194,054",694,"874,548",64,57,38,"1,044","4,401,585",28,"22,064",961,0,546,589,468,0,562,431,0,211,92,163,253,153,137,114,68,43,46,0
SC,45,"=""29175""",38,0,38,"90,734",9,"6,064",22,"29,876",0,0,0,37,"156,660",0,256,34,0,22,0,21,0,0,0,0,0,0,0,0,0,0,0,0,0,0,0
SC,45,"=""29178""",365,0,365,"931,076",96,"69,749",224,"279,941",0,0,0,358,"1,507,608",0,"3,826",328,0,193,128,235,0,211,135,0,49,22,64,73,38,45,45,42,23,0,0
SC,45,"=""29180""","2,048",31,"2,048","5,626,581",465,"297,356","1,298","1,506,113",161,119,56,"2,013","8,244,160",34,"15,398","1,828",51,"1,191",579,"1,458",0,"1,080",860,0,431,123,332,464,339,279,228,143,85,53,0
SC,45,"=""29201""","1,038",0,"1,038","1,983,505",122,"68,561",439,"513,191",30,62,52,"1,005","3,040,286",33,"23,687",888,0,494,550,443,45,542,364,0,205,173,270,297,128,67,44,31,0,0,0
SC,45,"=""29202""",95,0,95,"169,201",9,"8,269",40,"51,426",0,0,0,90,"288,131",0,"2,802",66,0,32,45,43,0,57,29,0,0,0,23,0,0,0,0,0,0,0,0
SC,45,"=""29203""","7,253",140,"7,253","20,254,697","1,254","761,249","4,652","5,751,453",388,393,209,"7,161","29,776,975",91,"39,129","6,566",90,"4,214","3,323","3,735",195,"4,054","2,659",0,"1,606",693,"1,380","1,962","1,183",800,578,344,199,111,0
SC,45,"=""29204""","2,489",42,"2,489","6,670,532",415,"259,670","1,517","1,901,340",135,111,98,"2,445","9,754,251",44,"34,752","2,223",32,"1,400","1,137","1,244",108,"1,495",824,0,576,256,523,667,367,255,175,148,51,45,0
SC,45,"=""29205""","1,718",32,"1,718","3,487,131",278,"180,231",824,"931,016",88,81,105,"1,646","5,467,349",71,"57,650","1,476",0,833,895,771,52,938,596,0,310,209,400,483,202,160,117,73,44,28,0
SC,45,"=""29206""","1,415",0,"1,415","3,350,077",435,"346,744",921,"1,327,774",123,113,80,"1,373","6,309,681",42,"23,788","1,267",0,667,769,590,56,734,589,0,302,120,210,233,191,125,131,110,114,174,0
SC,45,"=""29209""","3,771",44,"3,771","9,498,089",896,"618,979","2,317","2,882,618",360,271,239,"3,690","15,264,903",81,"56,103","3,431",25,"1,943","2,077","1,599",95,"1,953","1,543",0,676,326,607,837,565,418,376,335,187,116,0
SC,45,"=""29210""","5,284",102,"5,284","13,338,779","1,189","759,020","3,305","3,987,964",521,403,287,"5,185","20,979,674",98,"70,119","4,901",72,"2,899","2,797","2,352",135,"2,801","2,137",0,946,392,943,"1,234",806,661,571,355,213,103,0
SC,45,"=""29212""","2,197",27,"2,197","5,298,063",559,"406,180","1,297","1,676,819",183,168,159,"2,128","8,587,676",68,"82,942","1,965",26,978,"1,237",919,41,"1,253",795,0,478,182,343,457,301,238,215,200,136,121,0
SC,45,"=""29221""",97,0,97,"252,429",24,"12,208",56,"76,018",0,0,0,94,"379,166",0,"2,517",86,0,47,58,37,0,46,45,0,0,0,0,22,0,0,0,0,0,0,0
SC,45,"=""29223""","6,371",72,"6,371","16,214,917","1,596","1,077,949","4,063","5,092,527",737,592,391,"6,233","26,306,381",137,"132,892","5,802",42,"3,287","3,377","2,846",148,"3,439","2,549",0,"1,310",440,975,"1,315",922,831,739,577,363,202,0
SC,45,"=""29224""",64,0,64,"155,190",9,"10,112",40,"47,884",0,0,0,64,"248,924",0,0,56,0,24,42,0,0,42,22,0,0,0,0,0,0,0,0,0,0,0,0
SC,45,"=""29229""","4,728",44,"4,728","11,604,197","1,453","1,104,828","3,138","4,149,848",809,590,450,"4,624","20,669,960",104,"99,442","4,347",21,"2,229","2,767","1,843",118,"2,725","1,777",0,"1,074",288,536,726,612,566,627,551,440,368,0
SC,45,"=""29230""",46,0,46,"121,248",9,"6,031",26,"39,899",0,0,0,42,"182,230",0,"1,132",37,0,0,26,0,0,24,0,0,0,0,0,0,0,0,0,0,0,0,0
SC,45,"=""29240""",46,0,46,"99,962",9,"7,895",28,"29,889",0,0,0,44,"170,581",0,"1,912",39,0,0,23,21,0,24,22,0,0,0,0,0,0,0,0,0,0,0,0
SC,45,"=""29250""",33,0,33,"64,181",6,"4,093",9,"19,965",0,0,0,30,"100,575",0,"2,154",25,0,0,0,0,0,21,0,0,0,0,0,0,0,0,0,0,0,0,0
SC,45,"=""29260""",23,0,23,"54,185",9,"6,458",9,"14,939",0,0,0,22,"95,519",0,"1,703",21,0,0,0,0,0,0,0,0,0,0,0,0,0,0,0,0,0,0,0
SC,45,"=""29290""",56,0,56,"132,960",9,"10,746",30,"39,628",0,0,0,53,"212,079",0,890,49,0,28,29,24,0,36,0,0,0,0,0,0,0,0,0,0,0,0,0
SC,45,"=""29301""","3,847",63,"3,847","10,276,222","1,027","709,591","2,465","3,112,143",275,177,164,"3,760","15,785,436",87,"63,233","3,404",25,"1,994","1,582","2,151",114,"2,154","1,450",0,675,264,585,809,599,515,434,286,193,158,0
SC,45,"=""29302""","1,384",0,"1,384","3,422,508",344,"250,329",837,"1,049,330",107,65,62,"1,347","5,393,591",37,"28,232","1,211",0,654,588,756,40,832,463,0,248,115,229,284,163,172,168,120,73,58,0
SC,45,"=""29303""","2,870",63,"2,870","7,679,097",781,"529,147","1,834","2,302,602",162,95,74,"2,811","11,739,812",59,"46,407","2,528",22,"1,530","1,117","1,695",58,"1,621","1,072",0,503,207,506,569,444,379,294,196,162,108,0
SC,45,"=""29304""",172,0,172,"393,030",39,"26,321",82,"110,161",0,0,0,170,"599,927",0,"4,833",139,0,66,59,106,0,96,59,0,37,0,32,41,0,21,21,0,0,0,0
SC,45,"=""29306""","2,557",59,"2,557","7,202,385",521,"309,167","1,698","2,071,558",133,109,76,"2,522","10,528,281",35,"22,396","2,304",33,"1,453","1,003","1,484",70,"1,462",934,0,428,229,507,603,391,311,243,141,80,50,0
SC,45,"=""29307""","1,701",0,"1,701","3,877,805",442,"310,929",974,"1,185,278",113,87,49,"1,655","6,134,466",46,"39,655","1,393",23,750,854,822,25,876,677,0,271,219,278,304,249,174,178,121,95,80,0
SC,45,"=""29316""","2,152",0,"2,152","5,275,567",687,"535,251","1,330","1,770,458",204,128,115,"2,060","8,571,974",92,"93,828","1,887",0,831,"1,048","1,063",41,"1,276",770,0,535,148,256,365,263,269,254,230,196,164,0
SC,45,"=""29320""",109,0,109,"249,726",36,"24,272",65,"85,245",0,0,0,105,"422,547",0,"1,570",90,0,53,43,65,0,51,49,0,0,0,0,0,0,0,0,0,0,0,0
SC,45,"=""29321""",307,0,307,"790,979",85,"59,721",198,"220,377",0,0,0,301,"1,230,646",0,"4,887",279,0,161,115,190,0,148,135,0,45,21,50,76,36,35,33,27,0,0,0
SC,45,"=""29322""",775,0,775,"1,821,166",244,"182,747",461,"595,697",41,25,25,736,"2,897,586",39,"40,064",653,0,332,299,467,0,462,262,0,222,59,119,156,82,84,77,75,59,61,0
SC,45,"=""29323""","1,500",22,"1,500","3,764,619",404,"302,401",943,"1,190,089",69,58,48,"1,451","5,908,514",49,"44,731","1,300",0,692,593,885,22,840,562,0,360,133,254,287,213,158,147,121,88,94,0
SC,45,"=""29324""",23,0,23,"52,545",8,"5,905",9,"21,123",0,0,0,22,"89,641",0,193,0,0,0,0,0,0,0,0,0,0,0,0,0,0,0,0,0,0,0,0
SC,45,"=""29325""","1,904",32,"1,904","5,081,300",400,"262,665","1,185","1,452,427",95,90,56,"1,869","7,682,353",35,"30,106","1,706",0,"1,156",680,"1,184",40,"1,115",659,0,299,158,324,437,333,228,150,119,91,63,0
SC,45,"=""29329""",49,0,49,"107,829",9,"11,835",25,"31,660",0,0,0,49,"188,770",0,0,40,0,23,21,28,0,0,24,0,0,0,0,0,0,0,0,0,0,0,0
SC,45,"=""29330""",944,0,944,"2,492,454",262,"199,039",589,"733,190",39,33,0,922,"3,855,679",22,"22,826",840,23,514,354,578,0,493,394,0,168,72,138,189,136,113,101,83,63,47,0
SC,45,"=""29331""",21,0,21,"48,690",9,"8,413",9,"13,587",0,0,0,9,"86,543",0,72,0,0,0,0,0,0,0,0,0,0,0,0,0,0,0,0,0,0,0,0
SC,45,"=""29332""",281,0,281,"797,227",53,"36,683",151,"188,748",0,0,0,275,"1,111,168",0,"8,928",223,0,109,135,142,0,215,54,0,90,0,44,71,59,37,24,0,0,0,0
SC,45,"=""29333""",74,0,74,"172,455",9,"16,266",46,"50,974",0,0,0,71,"287,357",0,843,63,0,38,22,50,0,55,0,0,0,0,0,0,0,0,0,0,0,0,0
SC,45,"=""29334""","1,078",0,"1,078","2,619,636",341,"262,830",690,"885,649",106,55,42,"1,047","4,314,589",31,"29,750",946,0,507,511,540,27,579,430,0,217,69,145,209,131,121,117,114,90,76,0
SC,45,"=""29335""",463,0,463,"1,250,875",125,"81,376",300,"395,990",0,0,0,440,"1,931,611",23,"21,695",393,0,246,173,285,0,247,181,0,91,32,65,100,74,60,49,43,0,0,0
SC,45,"=""29336""",30,0,30,"72,389",9,"9,134",9,"21,472",0,0,0,30,"128,041",0,0,22,0,0,0,0,0,0,0,0,0,0,0,0,0,0,0,0,0,0,0
SC,45,"=""29338""",22,0,22,"55,154",6,"4,303",9,"17,767",0,0,0,21,"81,826",0,114,0,0,0,0,0,0,0,0,0,0,0,0,0,0,0,0,0,0,0,0
SC,45,"=""29340""","2,634",41,"2,634","7,006,323",650,"442,938","1,734","2,142,614",153,77,56,"2,594","10,741,041",40,"25,415","2,365",31,"1,584",966,"1,650",0,"1,206","1,219",0,428,213,418,587,386,312,245,197,175,97,0
SC,45,"=""29341""","2,277",40,"2,277","6,144,064",561,"392,477","1,512","1,944,472",160,98,57,"2,232","9,494,672",45,"35,857","2,039",25,"1,322",889,"1,351",37,"1,071","1,049",0,399,162,374,492,340,259,233,196,130,87,0
SC,45,"=""29342""",132,0,132,"302,656",28,"19,358",71,"83,923",0,0,0,127,"466,980",0,"5,307",105,0,46,43,86,0,64,58,0,34,0,28,29,0,0,0,0,0,0,0
SC,45,"=""29346""",35,0,35,"93,737",6,"3,901",21,"26,733",0,0,0,34,"144,919",0,"1,688",31,0,0,0,23,0,24,0,0,0,0,0,0,0,0,0,0,0,0,0
SC,45,"=""29349""","2,841",33,"2,841","7,220,339",746,"531,903","1,742","2,425,865",135,123,104,"2,678","11,096,243",163,"157,590","2,378",30,"1,177","1,275","1,514",52,"1,644","1,030",0,791,226,414,553,397,336,295,238,199,175,0
SC,45,"=""29351""",218,0,218,"563,283",64,"44,834",139,"183,076",0,0,0,215,"897,411",0,"2,115",193,0,123,75,139,0,128,72,0,33,0,32,34,35,28,0,23,0,0,0
SC,45,"=""29353""",435,0,435,"1,122,084",127,"96,180",271,"328,464",21,0,0,426,"1,751,754",0,"7,736",389,0,229,154,275,0,215,193,0,67,25,71,98,57,46,43,45,26,24,0
SC,45,"=""29355""",70,0,70,"172,427",23,"14,504",44,"57,856",0,0,0,67,"283,389",0,"2,115",62,0,38,0,48,0,39,30,0,0,0,0,0,0,0,0,0,0,0,0
SC,45,"=""29356""",713,0,713,"1,688,090",179,"133,712",405,"527,877",32,26,26,677,"2,671,585",36,"27,219",588,0,312,246,457,0,489,181,0,213,70,113,148,83,78,70,55,59,34,0
SC,45,"=""29360""","2,594",43,"2,594","6,988,586",631,"451,733","1,673","2,063,237",166,112,83,"2,531","10,634,685",62,"49,898","2,302",37,"1,565","1,001","1,552",41,"1,420","1,007",0,397,186,399,523,435,322,270,238,123,95,0
SC,45,"=""29364""",60,0,60,"158,535",9,"8,648",41,"53,824",0,0,0,60,"265,030",0,0,54,0,39,0,44,0,29,27,0,0,0,0,0,0,0,0,0,0,0,0
SC,45,"=""29365""","1,026",0,"1,026","2,367,998",318,"249,281",612,"806,275",91,37,40,983,"3,893,378",43,"49,984",868,0,421,470,530,26,549,408,0,241,66,158,180,121,121,120,92,82,78,0
SC,45,"=""29368""",48,0,48,"121,479",9,"9,190",29,"43,004",0,0,0,46,"208,615",0,407,44,0,23,0,32,0,29,0,0,0,0,0,0,0,0,0,0,0,0,0
SC,45,"=""29369""","1,055",0,"1,055","2,605,377",306,"227,108",645,"860,225",81,66,57,"1,012","4,221,336",43,"39,776",909,0,439,473,555,27,624,381,0,205,71,130,222,132,128,106,117,74,69,0
SC,45,"=""29370""",141,0,141,"358,709",38,"25,394",82,"112,820",0,0,0,135,"549,699",0,"2,938",122,0,72,58,82,0,96,40,0,39,0,0,29,0,0,0,0,0,0,0
SC,45,"=""29372""",493,0,493,"1,310,129",131,"90,319",316,"390,607",24,21,0,485,"2,066,068",0,"8,863",450,0,244,175,311,0,261,197,0,77,38,73,97,76,66,57,37,26,0,0
SC,45,"=""29373""",38,0,38,"108,050",9,"6,612",22,"34,355",0,0,0,37,"175,389",0,"1,651",34,0,0,0,28,0,26,0,0,0,0,0,0,0,0,0,0,0,0,0
SC,45,"=""29374""",237,0,237,"547,969",73,"67,690",139,"164,175",0,0,0,223,"887,004",0,"22,446",199,0,96,87,148,0,151,73,0,54,22,34,43,25,24,26,29,0,0,0
SC,45,"=""29375""",23,0,23,"33,621",8,"5,937",9,"15,307",0,0,0,9,"70,829",0,"4,365",0,0,0,0,0,0,0,0,0,0,0,0,0,0,0,0,0,0,0,0
SC,45,"=""29376""",673,0,673,"1,628,198",199,"146,404",405,"505,717",38,24,31,662,"2,633,581",0,"12,444",591,0,309,299,361,0,393,226,0,136,55,118,130,78,64,82,63,44,38,0
SC,45,"=""29377""",99,0,99,"266,884",9,"15,748",65,"91,051",0,0,0,97,"424,228",0,884,89,0,58,37,59,0,53,41,0,0,0,0,0,0,0,0,0,0,0,0
SC,45,"=""29378""",115,0,115,"286,854",26,"19,712",67,"75,251",0,0,0,114,"432,131",0,404,94,0,59,28,79,0,60,45,0,0,0,23,26,0,0,0,0,0,0,0
SC,45,"=""29379""","2,270",52,"2,270","5,988,855",610,"435,290","1,443","1,729,773",137,88,65,"2,231","9,290,276",39,"27,383","2,022",59,"1,189",928,"1,317",25,"1,043","1,092",0,274,184,347,457,342,289,250,178,130,90,0
SC,45,"=""29384""",387,0,387,"893,804",99,"74,780",220,"273,045",0,0,0,363,"1,464,301",24,"23,401",323,0,184,143,234,0,233,126,0,78,32,61,88,50,47,39,29,0,25,0
SC,45,"=""29385""",942,0,942,"2,406,745",258,"195,785",575,"752,128",42,44,35,917,"3,701,667",25,"27,813",825,0,468,387,530,25,521,355,0,177,75,148,181,126,115,106,84,57,49,0
SC,45,"=""29388""","1,383",0,"1,383","3,517,751",378,"283,953",844,"1,156,082",59,39,45,"1,338","5,622,092",45,"26,608","1,210",0,749,561,813,0,705,588,0,246,115,197,298,181,166,138,106,90,82,0
SC,45,"=""29401""",296,0,296,"559,092",22,"7,251",126,"140,429",0,0,28,274,"898,923",22,"7,859",240,0,136,151,138,0,155,114,0,68,61,89,85,40,0,0,0,0,0,0
SC,45,"=""29403""","2,373",54,"2,373","5,651,263",339,"201,365","1,295","1,443,317",47,79,86,"2,300","8,237,571",73,"54,798","2,025",0,"1,330","1,010","1,279",84,"1,329",804,0,421,302,572,750,323,178,129,63,43,0,0
SC,45,"=""29404""",240,0,240,"687,094",100,"70,114",207,"307,126",37,25,41,239,"1,619,855",0,"1,511",238,0,62,163,58,0,75,162,0,25,0,0,21,21,37,50,33,34,31,0
SC,45,"=""29405""","4,628",72,"4,628","13,004,491",928,"572,181","2,972","3,532,266",180,151,90,"4,554","19,067,975",74,"52,384","4,200",0,"2,945","1,845","2,656",127,"2,415","1,909",0,792,367,916,"1,283",805,529,333,233,104,55,0
SC,45,"=""29406""","4,040",106,"4,040","10,871,554",876,"584,853","2,593","3,151,125",205,168,147,"3,961","16,234,344",79,"62,861","3,654",0,"2,237","1,819","2,155",66,"2,159","1,615",0,788,315,773,"1,078",652,402,356,205,157,99,0
SC,45,"=""29407""","3,330",54,"3,330","7,522,181",794,"550,315","1,776","2,093,210",214,173,192,"3,196","11,866,829",133,"104,746","2,864",0,"1,606","1,673","1,584",73,"1,759","1,268",0,645,313,607,797,469,356,318,228,162,79,0
SC,45,"=""29410""","1,560",0,"1,560","3,709,580",448,"337,386",936,"1,159,921",127,94,79,"1,505","5,964,888",55,"62,764","1,325",0,650,811,736,0,832,622,0,360,117,248,326,194,183,159,147,102,78,0
SC,45,"=""29412""","2,328",0,"2,328","4,458,644",478,"347,669","1,034","1,220,862",138,130,203,"2,165","7,171,385",163,"152,204","1,895",0,881,"1,301",986,41,"1,270",804,0,602,281,494,564,244,200,204,158,110,72,0
SC,45,"=""29413""",201,0,201,"148,654",9,"8,763",30,"40,094",0,0,0,195,"253,747",0,"4,611",39,0,0,169,28,0,78,90,0,0,118,35,0,0,0,0,0,0,0,0
SC,45,"=""29414""","2,287",0,"2,287","4,627,027",588,"448,771","1,175","1,409,558",221,170,208,"2,160","7,752,751",127,"118,834","1,928",0,863,"1,279",948,60,"1,280",810,0,571,255,390,479,258,213,215,203,143,127,0
SC,45,"=""29415""",58,0,58,"152,295",9,"9,242",36,"43,282",0,0,0,55,"234,924",0,"1,379",46,0,25,28,27,0,40,0,0,0,0,0,0,0,0,0,0,0,0,0
SC,45,"=""29416""",26,0,26,"76,549",3,"1,747",9,"26,012",0,0,0,24,"110,404",0,"4,113",0,0,0,0,0,0,0,0,0,0,0,0,0,0,0,0,0,0,0,0
SC,45,"=""29417""",45,0,45,"100,664",7,"5,089",9,"23,375",0,0,0,42,"154,840",0,"1,070",40,0,0,22,22,0,21,0,0,0,0,0,0,0,0,0,0,0,0,0
SC,45,"=""29418""","3,291",43,"3,291","8,707,343",880,"610,039","2,132","2,639,431",253,217,141,"3,215","13,702,068",76,"77,445","2,974",0,"1,806","1,540","1,682",69,"1,606","1,482",0,591,189,502,771,510,410,370,298,169,70,0
SC,45,"=""29419""",83,0,83,"166,056",25,"18,347",41,"44,515",0,0,0,76,"276,123",0,"4,521",67,0,34,42,35,0,47,29,0,22,0,0,0,0,0,0,0,0,0,0
SC,45,"=""29420""","2,596",37,"2,596","7,185,030",722,"495,250","1,755","2,306,603",230,176,127,"2,533","11,324,280",62,"65,502","2,352",21,"1,325","1,296","1,254",46,"1,356","1,089",0,532,151,373,558,395,348,288,248,119,113,0
SC,45,"=""29422""",50,0,50,"97,492",9,"7,334",9,"23,811",0,0,0,43,"153,037",0,"6,271",37,0,0,24,23,0,37,0,0,25,0,0,0,0,0,0,0,0,0,0
SC,45,"=""29423""",91,0,91,"198,997",26,"18,989",51,"65,660",0,0,0,89,"333,768",0,"1,769",78,0,35,51,34,0,50,37,0,24,0,0,0,0,0,0,0,0,0,0
SC,45,"=""29426""",254,0,254,"685,205",80,"48,170",161,"193,657",0,0,0,252,"1,058,399",0,"1,779",223,0,132,110,143,0,119,109,0,46,0,48,43,44,30,32,23,0,0,0
SC,45,"=""29429""",325,0,325,"782,254",75,"49,477",180,"200,838",0,0,0,312,"1,201,477",0,"13,904",274,0,158,140,178,0,198,110,0,66,23,54,72,53,41,33,25,0,0,0
SC,45,"=""29431""",614,0,614,"1,683,237",144,"128,450",394,"509,756",28,24,0,595,"2,633,049",0,"13,307",538,0,299,235,376,0,409,182,0,180,38,94,141,93,63,47,49,34,50,0
SC,45,"=""29432""",304,0,304,"830,398",57,"39,227",177,"227,349",0,0,0,298,"1,271,458",0,"5,877",266,0,167,137,166,0,190,101,0,75,0,52,75,49,33,30,25,0,0,0
SC,45,"=""29434""",71,0,71,"192,382",9,"8,753",44,"60,000",0,0,0,69,"282,667",0,666,65,0,35,24,47,0,43,0,0,21,0,0,21,0,0,0,0,0,0,0
SC,45,"=""29435""",451,0,451,"1,204,020",116,"88,014",287,"383,865",0,0,0,442,"1,900,380",0,"9,339",398,0,218,201,247,0,263,171,0,124,34,76,97,67,44,42,42,26,21,0
SC,45,"=""29436""",616,0,616,"1,595,083",125,"89,544",372,"442,186",29,33,21,595,"2,417,468",21,"18,295",534,0,332,234,354,28,376,213,0,141,52,97,169,91,68,49,38,31,21,0
SC,45,"=""29437""",275,0,275,"631,724",71,"51,247",152,"186,986",0,0,0,269,"1,078,627",0,"6,067",238,0,139,125,149,0,139,113,0,48,29,33,62,36,32,31,21,0,0,0
SC,45,"=""29438""",209,0,209,"451,352",46,"33,868",97,"114,324",0,0,0,195,"702,854",0,"7,549",170,0,99,117,92,0,85,98,0,42,23,41,48,27,0,0,0,0,0,0
SC,45,"=""29439""",77,0,77,"112,333",8,"5,565",22,"29,843",0,0,0,69,"162,999",0,"4,267",54,0,0,45,32,0,47,0,0,30,0,0,0,0,0,0,0,0,0,0
SC,45,"=""29440""","3,732",56,"3,732","10,122,460",728,"456,504","2,314","2,837,232",160,194,108,"3,660","15,247,186",72,"56,522","3,319",0,"1,969","1,479","2,146",107,"1,613","1,808",0,820,302,682,"1,004",606,382,304,195,150,100,0
SC,45,"=""29442""",183,0,183,"465,121",34,"21,607",97,"116,126",0,0,0,177,"703,921",0,"2,342",156,0,69,77,99,0,104,67,0,38,24,30,35,27,30,0,0,0,0,0
SC,45,"=""29445""","5,441",69,"5,441","13,294,546","1,684","1,241,009","3,465","4,404,217",517,423,378,"5,278","22,564,576",163,"166,016","4,900",23,"2,446","2,792","2,574",75,"2,758","2,330",0,"1,080",377,796,"1,029",676,589,676,508,410,361,0
SC,45,"=""29446""",181,0,181,"497,513",39,"26,144",111,"128,350",0,0,0,175,"744,646",0,"1,617",155,0,94,77,102,0,97,74,0,29,0,34,42,34,0,0,0,0,0,0
SC,45,"=""29448""",290,0,290,"825,863",64,"51,644",193,"240,005",0,0,0,284,"1,272,461",0,"3,217",261,0,171,115,172,0,169,109,0,55,23,54,68,45,22,31,21,0,0,0
SC,45,"=""29449""",904,0,904,"2,271,677",239,"157,398",532,"632,729",46,60,23,875,"3,575,016",29,"24,870",771,0,496,380,515,0,419,416,0,159,72,139,194,142,121,95,62,58,0,0
SC,45,"=""29450""",478,0,478,"1,273,367",117,"77,607",298,"348,425",22,36,0,463,"1,941,345",0,"8,491",423,0,261,176,287,0,324,130,0,106,27,71,112,78,60,61,35,23,0,0
SC,45,"=""29451""",86,0,86,"124,513",9,"10,345",25,"33,832",0,0,0,75,"204,009",0,"5,857",58,0,28,44,41,0,53,0,0,32,0,0,26,0,0,0,0,0,0,0
SC,45,"=""29452""",67,0,67,"176,013",9,"12,188",38,"39,383",0,0,0,67,"267,801",0,0,54,0,26,39,28,0,24,34,0,0,0,0,0,0,0,0,0,0,0,0
SC,45,"=""29453""",143,0,143,"339,297",43,"30,506",84,"99,355",0,0,0,135,"563,856",0,"6,545",125,0,68,52,90,0,89,48,0,33,0,21,37,0,0,0,0,0,0,0
SC,45,"=""29455""","1,554",28,"1,554","3,596,662",382,"251,250",872,"1,071,912",109,102,107,"1,486","5,706,292",68,"60,553","1,315",0,714,726,786,42,910,518,0,383,139,266,325,235,193,145,124,69,56,0
SC,45,"=""29456""","3,249",40,"3,249","7,995,928",969,"723,543","2,072","2,697,197",297,241,220,"3,160","13,352,404",89,"91,761","2,930",0,"1,484","1,736","1,467",46,"1,677","1,367",0,668,212,458,697,420,347,312,338,266,191,0
SC,45,"=""29457""",65,0,65,"129,107",9,"9,350",30,"38,374",0,0,0,58,"200,579",0,"6,071",47,0,24,31,31,0,43,0,0,22,0,0,0,0,0,0,0,0,0,0
SC,45,"=""29458""",365,0,365,"795,301",82,"62,097",190,"198,484",0,0,0,348,"1,206,085",0,"14,096",304,0,203,136,223,0,181,139,0,84,40,70,82,55,40,23,27,0,0,0
SC,45,"=""29461""","3,432",37,"3,432","8,714,469",907,"666,722","2,167","2,773,128",258,171,166,"3,349","14,120,504",82,"59,560","3,102",0,"1,684","1,550","1,834",48,"1,999","1,209",0,787,257,552,722,464,372,344,304,212,195,0
SC,45,"=""29464""","1,868",0,"1,868","3,285,175",392,"292,114",766,"870,446",107,112,184,"1,723","5,263,612",144,"133,139","1,461",0,612,948,875,45,"1,124",554,0,562,250,396,464,187,146,133,133,86,71,0
SC,45,"=""29465""",53,0,53,"116,087",9,"12,585",31,"27,315",0,0,0,46,"189,837",0,"5,946",39,0,0,28,23,0,36,0,0,23,0,0,0,0,0,0,0,0,0,0
SC,45,"=""29466""","1,150",0,"1,150","2,422,530",294,"211,234",613,"746,827",86,77,82,"1,078","3,823,630",71,"73,148",939,0,396,581,552,0,755,298,0,392,123,211,250,121,118,103,86,68,64,0
SC,45,"=""29468""",285,0,285,"795,156",62,"41,681",176,"209,177",0,0,0,280,"1,184,836",0,"1,567",258,0,154,112,168,0,191,80,0,56,0,49,69,44,37,26,25,0,0,0
SC,45,"=""29469""",44,0,44,"111,925",10,"9,267",28,"39,002",0,0,0,42,"189,690",0,"5,009",41,0,0,0,26,0,21,0,0,0,0,0,0,0,0,0,0,0,0,0
SC,45,"=""29470""",470,0,470,"1,210,165",137,"102,705",286,"356,231",21,0,0,454,"1,890,352",0,"8,166",411,0,249,213,250,0,243,199,0,109,35,64,115,73,53,45,36,28,0,0
SC,45,"=""29471""",168,0,168,"442,711",37,"28,659",97,"119,006",0,0,0,164,"720,571",0,"3,750",146,0,96,90,78,0,91,70,0,32,0,23,50,23,0,0,0,0,0,0
SC,45,"=""29472""",930,0,930,"2,330,116",255,"199,065",573,"660,440",48,47,32,901,"3,618,422",29,"28,125",800,0,406,452,467,0,457,424,0,196,63,151,204,129,106,100,82,58,36,0
SC,45,"=""29474""",260,0,260,"706,789",63,"44,296",155,"204,742",0,0,0,251,"1,065,070",0,"9,675",231,0,136,100,159,0,156,87,0,78,0,56,68,32,27,0,22,0,0,0
SC,45,"=""29475""",324,0,324,"829,270",76,"56,953",191,"238,194",0,0,0,312,"1,281,494",0,"10,748",284,0,160,110,210,0,190,107,0,84,22,61,67,51,32,32,21,21,0,0
SC,45,"=""29477""",808,0,808,"2,222,336",170,"115,191",508,"589,886",37,46,27,787,"3,543,196",21,"15,271",721,0,488,364,437,0,433,336,0,144,49,124,214,145,98,59,56,37,24,0
SC,45,"=""29479""",892,0,892,"2,533,037",196,"135,264",573,"739,467",44,50,27,882,"3,800,822",0,"14,345",816,0,526,360,521,0,542,297,0,198,73,134,246,143,92,67,56,49,31,0
SC,45,"=""29481""",252,0,252,"743,718",51,"32,933",165,"193,988",0,0,0,245,"1,106,840",0,"4,302",220,0,127,100,148,0,131,108,0,64,0,36,58,44,34,27,0,0,0,0
SC,45,"=""29482""",43,0,43,"61,640",5,"3,663",9,"13,070",0,0,0,32,"79,614",0,"12,116",24,0,0,23,0,0,27,0,0,0,0,0,0,0,0,0,0,0,0,0
SC,45,"=""29483""","7,204",89,"7,204","18,458,066","2,107","1,556,389","4,751","6,160,361",641,429,419,"7,022","30,336,456",182,"174,548","6,525",21,"3,398","3,819","3,302",83,"3,533","3,205",0,"1,519",538,"1,054","1,449",970,810,748,648,503,452,32
SC,45,"=""29484""",138,0,138,"301,163",24,"14,149",81,"103,759",0,0,0,136,"492,584",0,483,104,0,48,57,80,0,61,72,0,25,0,0,39,21,0,0,0,0,0,0
SC,45,"=""29485""","4,073",35,"4,073","9,740,910","1,255","960,329","2,550","3,268,746",404,279,282,"3,953","16,560,748",120,"112,448","3,662",0,"1,825","2,300","1,715",58,"2,064","1,714",0,889,305,574,768,525,444,434,405,324,277,0
SC,45,"=""29487""",251,0,251,"655,451",57,"36,944",146,"180,180",0,0,0,242,"1,019,010",0,"7,225",221,0,140,127,116,0,159,81,0,54,21,43,53,37,42,0,0,0,0,0
SC,45,"=""29488""","3,187",62,"3,187","8,848,525",616,"410,881","1,990","2,510,384",116,132,87,"3,097","13,067,226",90,"68,193","2,779",0,"1,635","1,202","1,952",33,"1,834","1,171",0,769,260,585,834,508,308,272,188,143,83,0
SC,45,"=""29492""",407,0,407,"802,408",99,"79,112",198,"233,558",24,37,47,375,"1,357,557",32,"29,170",338,0,145,225,172,0,236,143,0,116,45,72,85,45,34,43,34,27,22,0
SC,45,"=""29501""","4,656",76,"4,656","11,925,007","1,040","687,739","2,802","3,364,934",373,267,199,"4,543","18,424,318",113,"87,040","4,124",50,"2,404","2,164","2,391",101,"2,593","1,735",0,"1,028",371,870,"1,155",627,525,424,308,221,147,0
SC,45,"=""29502""",187,0,187,"479,482",48,"31,501",108,"134,637",0,0,0,179,"781,294",0,"5,160",155,0,77,82,92,0,105,74,0,39,0,31,33,0,25,31,0,0,0,0
SC,45,"=""29503""",44,0,44,"100,776",9,"8,890",21,"26,011",0,0,0,41,"157,605",0,"3,977",34,0,23,0,23,0,33,0,0,0,0,0,0,0,0,0,0,0,0,0
SC,45,"=""29504""",119,0,119,"330,559",32,"21,881",71,"78,347",0,0,0,116,"516,690",0,"1,544",105,0,48,50,65,0,71,45,0,27,0,0,22,23,0,0,0,0,0,0
SC,45,"=""29505""","2,431",25,"2,431","6,368,884",544,"378,826","1,562","1,965,679",216,164,117,"2,381","10,153,478",50,"45,808","2,174",26,"1,252","1,115","1,272",44,"1,402",893,0,561,182,401,529,358,293,234,198,134,97,0
SC,45,"=""29506""","3,394",61,"3,394","9,560,518",595,"355,641","2,163","2,601,685",174,139,76,"3,354","14,216,808",40,"20,167","3,046",34,"2,043","1,530","1,791",73,"1,868","1,311",0,731,241,707,964,525,369,245,178,90,71,0
SC,45,"=""29510""","1,606",23,"1,606","4,391,984",312,"212,794","1,004","1,227,361",64,63,35,"1,575","6,592,758",31,"21,521","1,444",0,883,779,810,0,704,785,0,396,138,307,399,270,161,123,89,57,60,0
SC,45,"=""29511""",545,0,545,"1,430,703",155,"119,439",349,"431,415",21,0,0,527,"2,312,598",0,"16,778",473,0,247,216,321,0,305,202,0,147,44,94,109,79,55,42,47,35,37,0
SC,45,"=""29512""","2,791",48,"2,791","7,392,360",644,"414,710","1,712","1,982,945",158,134,43,"2,742","11,814,545",49,"33,957","2,447",0,"1,622","1,137","1,502",152,"1,207","1,413",0,336,231,446,605,441,362,332,192,115,65,0
SC,45,"=""29516""",119,0,119,"303,683",26,"17,485",68,"76,345",0,0,0,115,"481,367",0,"2,970",96,0,60,55,57,0,70,42,0,0,0,0,25,24,21,0,0,0,0,0
SC,45,"=""29518""",177,0,177,"485,317",39,"29,607",110,"121,564",0,0,0,170,"732,847",0,"5,660",148,0,98,57,116,0,89,78,0,48,0,32,41,31,0,0,0,0,0,0
SC,45,"=""29519""",49,0,49,"110,443",9,"8,043",26,"25,028",0,0,0,48,"174,100",0,83,37,0,21,0,0,0,28,0,0,0,0,0,0,0,0,0,0,0,0,0
SC,45,"=""29520""","1,875",36,"1,875","4,777,109",476,"341,948","1,151","1,330,058",101,86,44,"1,849","7,874,094",26,"22,020","1,645",0,"1,071",535,"1,332",0,921,841,0,296,137,328,428,307,172,167,153,102,78,0
SC,45,"=""29525""",404,0,404,"1,164,135",86,"50,297",245,"311,241",0,0,0,398,"1,871,730",0,"3,477",359,0,225,184,201,0,184,196,0,37,29,51,82,85,74,35,22,0,0,0
SC,45,"=""29526""","4,178",56,"4,178","10,143,070",865,"611,506","2,413","2,951,243",196,151,155,"4,060","15,931,691",118,"98,586","3,714",0,"1,883","2,258","1,815",105,"2,176","1,609",0,916,419,812,"1,028",586,393,287,282,208,160,0
SC,45,"=""29527""","3,194",39,"3,194","8,551,241",716,"474,168","2,045","2,502,135",145,133,107,"3,130","13,304,347",63,"42,818","2,899",24,"1,606","1,634","1,439",121,"1,701","1,252",0,623,266,573,788,513,317,284,199,147,103,0
SC,45,"=""29528""",137,0,137,"339,273",22,"14,608",77,"95,782",0,0,0,129,"516,487",0,"5,555",115,0,59,79,53,0,73,57,0,40,0,24,29,23,0,0,0,0,0,0
SC,45,"=""29530""",390,0,390,"1,127,857",98,"65,150",270,"335,935",0,0,0,381,"1,699,167",0,"4,642",338,0,223,153,231,0,188,182,0,86,27,49,93,67,64,34,26,0,21,0
SC,45,"=""29532""","2,918",37,"2,918","7,917,000",605,"408,324","1,844","2,213,221",189,169,60,"2,878","12,234,973",40,"23,672","2,635",0,"1,765","1,056","1,839",23,"1,393","1,328",0,575,211,526,728,485,308,239,197,140,79,0
SC,45,"=""29536""","2,875",40,"2,875","8,479,885",637,"415,519","1,934","2,362,670",161,114,55,"2,845","12,829,206",30,"16,500","2,640",37,"1,826","1,363","1,501",0,"1,566","1,174",0,584,203,499,645,505,386,264,185,122,63,0
SC,45,"=""29540""",924,0,924,"2,530,144",207,"139,170",573,"718,045",74,45,0,908,"4,013,996",0,"14,782",822,0,542,309,603,0,430,445,0,155,46,138,227,136,126,100,58,51,42,0
SC,45,"=""29541""","1,190",0,"1,190","3,163,741",276,"185,851",754,"943,576",74,65,35,"1,159","4,907,526",31,"14,702","1,038",0,649,503,665,22,678,443,0,259,80,189,288,204,125,107,92,58,42,0
SC,45,"=""29543""",63,0,63,"122,812",9,"13,446",28,"31,007",0,0,0,60,"216,910",0,"2,759",53,0,35,22,39,0,30,28,0,0,0,0,0,0,0,0,0,0,0,0
SC,45,"=""29544""",606,0,606,"1,634,431",162,"117,070",403,"520,317",28,0,0,592,"2,563,029",0,"15,472",542,0,309,227,375,0,343,212,0,168,52,108,131,98,54,48,42,40,30,0
SC,45,"=""29545""",274,0,274,"756,681",60,"34,578",180,"233,122",0,0,0,266,"1,181,215",0,"2,630",246,0,162,126,144,0,135,121,0,68,0,53,68,46,31,24,0,0,0,0
SC,45,"=""29546""",429,0,429,"1,179,646",98,"72,305",257,"312,252",0,0,0,422,"1,830,195",0,"8,037",381,0,248,170,234,25,212,200,0,63,23,75,88,79,58,47,33,0,0,0
SC,45,"=""29547""",465,0,465,"1,383,563",114,"75,295",317,"384,234",28,0,0,458,"2,113,601",0,"4,416",433,0,273,228,235,0,229,216,0,82,21,73,118,84,59,42,39,0,0,0
SC,45,"=""29550""","3,461",64,"3,461","9,109,450",729,"528,688","2,144","2,632,089",182,129,96,"3,394","14,008,756",66,"55,070","3,054",46,"2,031","1,229","2,172",60,"1,792","1,379",0,714,297,607,893,513,346,265,218,180,138,0
SC,45,"=""29551""",151,0,151,"344,839",25,"16,927",70,"79,071",0,0,0,148,"536,357",0,"2,079",124,0,76,44,101,0,81,56,0,30,0,0,40,27,0,0,0,0,0,0
SC,45,"=""29554""","1,409",27,"1,409","3,970,023",288,"188,791",869,"1,023,805",58,65,36,"1,379","6,043,231",30,"30,024","1,234",0,758,667,721,21,567,754,0,249,82,225,368,251,174,139,78,55,36,0
SC,45,"=""29555""",868,0,868,"2,415,291",224,"163,627",565,"672,327",34,44,0,853,"3,731,309",0,"14,994",772,0,537,338,526,0,348,474,0,162,66,145,190,127,109,84,64,43,37,0
SC,45,"=""29556""","2,168",28,"2,168","6,379,925",414,"274,714","1,404","1,664,797",111,114,52,"2,145","9,324,144",23,"17,331","1,955",0,"1,449",729,"1,415",24,940,"1,093",0,434,130,412,592,385,249,155,122,76,47,0
SC,45,"=""29560""","2,300",39,"2,300","6,715,648",446,"294,295","1,521","1,863,904",96,94,45,"2,258","9,752,376",42,"32,248","2,048",63,"1,434",742,"1,529",29,"1,115","1,076",0,519,150,407,649,414,227,187,135,81,46,0
SC,45,"=""29563""",370,0,370,"1,061,324",86,"57,243",235,"301,180",0,0,0,360,"1,720,447",0,"5,005",345,0,219,183,186,0,166,189,0,56,0,49,97,62,46,51,23,0,0,0
SC,45,"=""29564""",171,0,171,"449,392",38,"25,968",103,"120,412",0,0,0,168,"683,540",0,"1,223",157,0,120,67,103,0,71,89,0,24,0,33,53,32,0,0,0,0,0,0
SC,45,"=""29565""","1,051",0,"1,051","3,065,141",240,"165,847",697,"871,709",50,34,0,"1,032","4,661,571",0,"13,455",956,0,634,534,510,0,520,479,0,209,55,182,244,171,144,102,80,40,30,0
SC,45,"=""29566""","1,795",0,"1,795","4,085,347",387,"279,700",967,"1,150,802",87,55,71,"1,720","6,466,255",74,"74,851","1,509",0,739,989,780,26,951,678,0,390,178,350,440,272,168,132,109,73,73,0
SC,45,"=""29567""",149,0,149,"500,524",29,"17,127",110,"142,475",0,0,0,149,"746,034",0,0,142,0,103,64,83,0,69,77,0,27,0,21,34,39,0,0,0,0,0,0
SC,45,"=""29568""","1,621",0,"1,621","3,997,637",371,"240,057",951,"1,101,639",67,69,59,"1,579","6,365,378",42,"31,533","1,424",0,794,942,660,0,800,680,0,281,142,301,367,266,197,139,100,56,52,0
SC,45,"=""29569""","2,433",38,"2,433","6,490,902",506,"347,658","1,534","1,848,468",89,81,58,"2,361","10,174,428",71,"60,182","2,195",0,"1,282","1,204","1,201",25,"1,100","1,136",0,457,209,439,584,415,261,197,144,92,87,0
SC,45,"=""29570""",639,0,639,"1,797,784",156,"95,097",433,"512,907",24,0,0,634,"2,873,729",0,"4,387",553,0,416,223,411,0,233,352,0,81,54,97,140,117,88,57,42,28,0,0
SC,45,"=""29571""","2,604",25,"2,604","6,965,343",516,"331,266","1,572","1,854,686",117,121,73,"2,558","10,796,332",46,"31,251","2,319",23,"1,496","1,199","1,317",87,"1,335","1,107",0,422,229,485,620,427,323,219,156,95,47,0
SC,45,"=""29572""",685,0,685,"1,220,199",111,"72,383",260,"310,290",0,23,34,643,"1,931,816",42,"31,455",554,0,241,384,290,0,344,235,0,173,87,164,197,81,48,40,30,22,0,0
SC,45,"=""29574""","2,016",0,"2,016","5,512,345",366,"241,523","1,231","1,420,772",99,94,41,"1,986","8,361,618",29,"21,198","1,784",0,"1,150",947,"1,020",49,942,959,0,411,165,386,542,315,221,152,117,70,44,0
SC,45,"=""29575""","1,448",0,"1,448","3,013,952",295,"217,388",705,"834,241",77,38,87,"1,361","4,693,295",87,"66,526","1,198",0,505,850,562,36,745,534,0,353,152,314,337,219,117,103,95,57,53,0
SC,45,"=""29576""","1,778",0,"1,778","3,479,204",332,"244,242",787,"961,053",79,61,105,"1,678","5,494,443",99,"75,565","1,456",0,615,973,746,59,952,604,0,446,207,358,461,224,163,122,100,83,57,0
SC,45,"=""29577""","3,894",79,"3,894","9,039,019",561,"336,359","2,062","2,533,130",126,119,107,"3,756","13,536,260",137,"115,396","3,358",0,"1,867","1,931","1,872",91,"1,997","1,381",0,781,410,853,"1,177",572,318,237,150,109,63,0
SC,45,"=""29578""",267,0,267,"592,653",44,"26,301",128,"166,328",0,0,0,255,"895,823",0,"14,068",215,0,109,114,149,0,142,92,0,71,41,55,71,30,24,0,0,0,0,0
SC,45,"=""29579""","3,370",46,"3,370","7,581,755",821,"592,624","1,880","2,297,590",207,178,235,"3,244","12,463,906",126,"139,674","2,965",0,"1,320","1,927","1,387",56,"1,754","1,305",0,786,327,614,713,455,327,308,237,201,181,0
SC,45,"=""29580""",232,0,232,"612,842",35,"20,385",125,"151,198",0,0,0,224,"883,775",0,"4,818",196,0,132,103,122,0,98,115,0,49,0,34,72,34,35,0,0,0,0,0
SC,45,"=""29581""",563,0,563,"1,527,853",135,"93,838",345,"415,311",0,24,0,551,"2,382,677",0,"5,534",505,0,312,237,323,0,286,249,0,132,56,83,135,89,61,39,45,37,0,0
SC,45,"=""29582""","1,272",0,"1,272","2,473,761",208,"143,689",570,"649,185",36,46,39,"1,209","3,875,800",63,"50,609","1,045",0,484,707,543,22,669,420,0,308,157,297,382,142,100,76,43,40,33,0
SC,45,"=""29583""",631,0,631,"1,730,487",142,"101,500",377,"468,794",27,31,0,617,"2,649,792",0,"9,274",550,0,317,252,370,0,326,279,0,144,39,110,157,92,70,57,41,41,23,0
SC,45,"=""29584""",266,0,266,"689,547",68,"52,437",171,"203,661",0,0,0,257,"1,109,012",0,"5,599",226,0,149,82,182,0,143,111,0,54,0,50,63,42,29,0,0,0,0,0
SC,45,"=""29585""",787,0,787,"1,660,789",166,"125,906",375,"429,666",34,42,45,738,"2,590,762",49,"39,515",628,0,258,389,360,38,415,301,0,235,82,155,184,109,83,51,51,38,34,0
SC,45,"=""29587""",87,0,87,"149,049",9,"8,689",30,"35,826",0,0,0,75,"214,045",0,"9,547",62,0,25,37,46,0,57,25,0,33,0,0,24,0,0,0,0,0,0,0
SC,45,"=""29588""","4,124",37,"4,124","9,449,618",967,"689,235","2,250","2,838,549",213,172,237,"3,947","15,119,749",176,"176,017","3,539",0,"1,557","2,324","1,740",60,"2,187","1,533",0,"1,003",368,744,976,579,413,339,274,224,197,0
SC,45,"=""29589""",75,0,75,"201,991",9,"7,796",45,"52,476",0,0,0,74,"319,530",0,230,65,0,36,0,37,0,39,31,0,0,0,0,0,0,0,0,0,0,0,0
SC,45,"=""29590""",420,0,420,"1,127,738",90,"60,141",253,"290,373",21,26,0,416,"1,744,482",0,"2,021",369,0,280,162,253,0,193,195,0,80,26,83,91,81,45,34,26,24,0,0
SC,45,"=""29591""",627,0,627,"1,726,457",142,"89,858",402,"515,025",28,22,0,615,"2,683,127",0,"6,213",567,0,368,223,402,0,260,320,0,131,48,107,150,101,75,60,44,22,0,0
SC,45,"=""29592""",174,0,174,"530,466",39,"24,401",117,"142,878",0,0,0,171,"781,736",0,"1,120",157,0,107,77,96,0,89,79,0,33,0,28,47,36,0,0,0,0,0,0
SC,45,"=""29593""",293,0,293,"764,849",62,"39,418",186,"213,357",0,0,0,292,"1,187,589",0,"2,965",252,0,162,87,201,0,134,141,0,55,34,41,68,49,36,26,0,0,0,0
SC,45,"=""29594""",26,0,26,"55,885",4,"2,656",9,"12,825",0,0,0,25,"99,763",0,806,22,0,0,0,0,0,0,0,0,0,0,0,0,0,0,0,0,0,0,0
SC,45,"=""29596""",303,0,303,"758,912",80,"56,542",174,"208,157",0,0,0,300,"1,253,407",0,"4,511",262,0,177,107,188,0,142,143,0,45,26,42,66,51,27,29,25,26,0,0
SC,45,"=""29597""",77,0,77,"143,604",9,"8,795",29,"33,984",0,0,0,70,"227,631",0,"8,451",58,0,22,39,35,0,46,22,0,0,0,0,27,0,0,0,0,0,0,0
SC,45,"=""29598""",26,0,26,"47,614",2,"1,271",9,"10,537",0,0,0,9,"68,854",0,"3,513",0,0,0,0,0,0,0,0,0,0,0,0,0,0,0,0,0,0,0,0
SC,45,"=""29601""",875,0,875,"1,964,769",141,"87,764",451,"529,016",42,40,50,842,"2,945,642",33,"28,908",741,0,479,366,449,60,465,322,0,144,106,201,200,119,93,64,54,29,0,0
SC,45,"=""29602""",67,0,67,"155,914",5,"3,591",32,"38,265",0,0,0,65,"226,278",0,"1,653",53,0,24,22,32,0,41,21,0,0,0,0,0,0,0,0,0,0,0,0
SC,45,"=""29604""",30,0,30,"50,123",7,"4,673",6,"7,562",0,0,0,29,"76,381",0,"1,790",26,0,0,0,0,0,0,0,0,0,0,0,0,0,0,0,0,0,0,0
SC,45,"=""29605""","4,293",62,"4,293","11,317,592",966,"632,969","2,683","3,343,503",271,201,149,"4,208","17,063,295",85,"55,932","3,866",0,"2,369","1,876","2,231",186,"2,404","1,574",0,826,312,736,"1,057",710,489,357,298,193,136,0
SC,45,"=""29606""",180,0,180,"174,127",9,"13,103",35,"47,647",0,0,0,178,"264,344",0,"1,763",57,0,31,34,28,118,149,25,0,0,119,0,0,0,0,0,0,0,0,0
SC,45,"=""29607""","3,423",51,"3,423","8,174,039",865,"603,839","1,995","2,492,347",328,219,206,"3,312","12,701,129",109,"115,498","3,026",0,"1,584","1,706","1,586",131,"1,867","1,283",0,699,269,577,794,466,373,326,256,207,147,0
SC,45,"=""29608""",50,0,50,"122,690",9,"7,743",24,"35,650",0,0,0,46,"164,365",0,"3,655",36,0,0,0,30,0,32,0,0,22,0,0,0,0,0,0,0,0,0,0
SC,45,"=""29609""","2,742",44,"2,742","6,830,697",598,"403,901","1,631","2,099,401",143,110,103,"2,639","10,245,331",103,"85,642","2,343",0,"1,253","1,307","1,298",137,"1,527",947,0,646,266,510,663,389,288,230,171,118,94,0
SC,45,"=""29610""",57,0,57,"118,659",8,"5,794",25,"27,766",0,0,0,52,"171,608",0,"1,216",35,0,0,28,21,0,37,0,0,0,0,0,0,0,0,0,0,0,0,0
SC,45,"=""29611""","4,504",112,"4,504","12,468,378","1,033","691,905","2,927","3,739,274",226,137,84,"4,405","18,414,331",99,"82,058","4,018",41,"2,400","1,808","2,513",183,"2,406","1,733",0,925,337,783,"1,093",730,515,434,261,217,122,0
SC,45,"=""29615""","2,228",40,"2,228","4,657,659",605,"444,352","1,194","1,470,789",214,129,162,"2,094","7,598,739",134,"138,312","1,882",0,850,"1,188",969,71,"1,225",826,0,547,180,354,516,264,222,251,185,135,112,0
SC,45,"=""29616""",46,0,46,"99,223",9,"6,984",22,"25,360",0,0,0,43,"146,583",0,"5,918",38,0,0,26,0,0,26,0,0,0,0,0,0,0,0,0,0,0,0,0
SC,45,"=""29617""","2,773",66,"2,773","7,287,363",708,"496,122","1,756","2,288,158",159,98,90,"2,686","11,138,285",87,"75,122","2,401",0,"1,272","1,170","1,510",93,"1,513","1,066",0,628,223,470,594,431,324,272,190,154,108,0
SC,45,"=""29620""","1,623",28,"1,623","4,427,154",396,"265,470",967,"1,232,294",93,94,47,"1,583","6,643,155",40,"39,756","1,454",0,966,573,"1,002",48,871,679,0,371,88,248,361,237,219,182,134,96,55,0
SC,45,"=""29621""","3,367",40,"3,367","8,533,788",848,"613,159","2,047","2,602,737",218,175,158,"3,272","13,386,506",95,"110,548","2,970",0,"1,642","1,381","1,899",87,"2,090","1,064",0,737,271,537,773,454,375,311,270,216,152,0
SC,45,"=""29622""",140,0,140,"331,756",35,"22,321",80,"99,502",0,0,0,134,"566,373",0,"5,092",114,0,50,62,73,0,86,48,0,26,0,0,25,0,21,0,21,0,0,0
SC,45,"=""29623""",0,0,0,"26,125",0,"4,872",0,"8,128",0,0,0,0,"40,781",0,547,0,0,0,0,0,0,0,0,0,0,0,0,0,0,0,0,0,0,0,0
SC,45,"=""29624""","2,483",29,"2,483","6,981,769",519,"362,615","1,548","1,992,709",106,65,47,"2,439","10,318,102",44,"22,336","2,229",0,"1,459",859,"1,548",76,"1,605",725,0,497,183,469,618,429,245,211,161,96,69,0
SC,45,"=""29625""","3,036",36,"3,036","7,598,999",742,"556,373","1,801","2,242,742",179,129,102,"2,966","11,849,640",70,"55,167","2,704",0,"1,531","1,243","1,720",73,"1,801","1,021",0,614,257,535,688,403,318,268,235,174,148,0
SC,45,"=""29626""","1,407",0,"1,407","3,675,314",367,"278,715",867,"1,159,744",70,50,48,"1,375","5,802,653",32,"22,348","1,250",0,749,545,839,23,842,470,0,289,98,223,306,189,163,137,118,95,75,0
SC,45,"=""29627""","1,842",22,"1,842","4,613,745",515,"392,720","1,116","1,449,025",82,67,57,"1,783","7,483,285",59,"56,966","1,611",0,963,652,"1,167",23,989,703,0,392,145,265,392,273,194,173,154,125,115,0
SC,45,"=""29628""",425,0,425,"1,174,406",104,"68,704",260,"321,230",0,0,0,419,"1,714,797",0,"2,336",379,0,266,157,257,0,196,207,0,92,23,65,106,67,46,51,34,23,0,0
SC,45,"=""29630""","1,063",23,"1,063","2,189,638",254,"203,651",540,"666,900",54,58,62,"1,035","3,698,556",28,"27,341",934,0,395,461,578,24,533,420,0,213,114,208,223,130,88,90,79,61,69,0
SC,45,"=""29631""",472,0,472,"841,733",75,"52,016",198,"242,920",22,32,25,460,"1,386,809",0,"16,563",406,0,178,268,196,0,189,199,0,77,57,120,124,43,36,29,27,0,0,0
SC,45,"=""29633""",21,0,21,"27,084",5,"3,399",3,"2,601",0,0,0,9,"54,929",0,471,0,0,0,0,0,0,0,0,0,0,0,0,0,0,0,0,0,0,0,0
SC,45,"=""29635""",101,0,101,"231,065",9,"18,901",53,"71,783",0,0,0,94,"343,698",0,"3,950",83,0,35,37,64,0,64,28,0,34,0,0,0,0,0,0,0,0,0,0
SC,45,"=""29636""",34,0,34,"87,991",9,"6,316",9,"27,805",0,0,0,33,"138,683",0,697,26,0,0,21,0,0,0,0,0,0,0,0,0,0,0,0,0,0,0,0
SC,45,"=""29638""",257,0,257,"625,250",65,"48,650",150,"178,344",0,0,0,243,"970,883",0,"8,569",212,0,112,94,156,0,146,99,0,63,0,44,58,33,34,28,0,0,0,0
SC,45,"=""29639""",94,0,94,"231,042",26,"20,223",58,"77,879",0,0,0,91,"358,050",0,"1,116",81,0,42,36,53,0,64,24,0,26,0,0,0,0,0,0,0,0,0,0
SC,45,"=""29640""","3,239",37,"3,239","8,174,983",909,"669,753","2,050","2,627,434",177,105,115,"3,146","13,091,202",93,"72,634","2,847",0,"1,564","1,238","1,913",88,"1,664","1,318",0,661,261,500,649,466,370,313,263,206,200,0
SC,45,"=""29641""",84,0,84,"108,444",9,"12,850",26,"22,386",0,0,0,79,"187,139",0,"2,276",56,0,22,30,49,0,52,22,0,27,0,21,0,0,0,0,0,0,0,0
SC,45,"=""29642""","2,132",0,"2,132","5,054,776",640,"507,181","1,317","1,672,524",169,91,123,"2,055","8,342,411",77,"69,325","1,871",0,861,917,"1,154",61,"1,152",814,0,539,154,318,430,269,218,200,206,168,161,0
SC,45,"=""29643""",214,0,214,"536,070",64,"46,156",130,"185,791",0,0,0,202,"867,158",0,"10,502",180,0,92,85,128,0,120,80,0,52,0,33,41,0,30,0,21,0,0,0
SC,45,"=""29644""","1,948",28,"1,948","4,667,261",602,"451,312","1,209","1,567,695",166,104,91,"1,888","7,674,646",60,"48,395","1,719",0,930,916,985,47,953,833,0,365,127,280,362,247,238,229,188,144,126,0
SC,45,"=""29645""","1,112",0,"1,112","2,824,216",309,"222,493",693,"902,760",62,58,35,"1,087","4,499,882",25,"20,672",988,0,617,502,584,26,521,501,0,171,87,157,243,150,124,100,103,81,64,0
SC,45,"=""29646""","3,693",88,"3,693","10,364,160",781,"492,525","2,401","2,982,923",178,179,102,"3,633","15,382,550",60,"37,240","3,264",0,"1,969","1,472","1,990",231,"2,387","1,140",0,619,264,628,921,648,417,334,215,158,100,0
SC,45,"=""29648""",72,0,72,"172,441",9,"8,122",33,"43,231",0,0,0,70,"246,897",0,734,53,0,0,26,31,0,56,0,0,0,0,0,0,0,0,0,0,0,0,0
SC,45,"=""29649""","2,463",53,"2,463","6,329,226",594,"406,881","1,537","1,916,781",169,195,96,"2,401","9,741,570",62,"62,454","2,158",0,"1,148","1,115","1,240",108,"1,512",820,0,508,174,390,513,399,295,197,234,155,100,0
SC,45,"=""29650""","1,902",25,"1,902","4,215,001",545,"407,928","1,090","1,377,627",148,135,149,"1,799","6,810,983",103,"111,327","1,568",0,685,979,867,56,"1,070",672,0,497,161,296,366,235,184,185,193,135,140,0
SC,45,"=""29651""","3,585",57,"3,585","8,726,691","1,030","785,751","2,209","2,851,432",219,136,188,"3,448","13,925,026",137,"130,792","3,073",0,"1,515","1,761","1,735",89,"1,918","1,389",0,788,263,573,695,499,397,361,323,244,209,21
SC,45,"=""29652""",73,0,73,"152,713",9,"15,493",36,"44,158",0,0,0,66,"240,023",0,"6,307",51,0,0,30,37,0,41,28,0,21,0,0,0,0,0,0,0,0,0,0
SC,45,"=""29653""",525,0,525,"1,411,132",133,"83,918",344,"428,343",30,24,0,514,"2,192,079",0,"10,410",456,0,245,236,274,0,304,192,0,109,30,85,116,79,67,64,36,30,0,0
SC,45,"=""29654""",978,0,978,"2,445,059",284,"232,016",599,"778,540",47,37,36,941,"4,040,644",37,"43,201",839,0,425,387,584,0,510,413,0,214,58,139,206,137,89,96,109,78,62,0
SC,45,"=""29655""",799,0,799,"2,104,171",205,"137,356",505,"680,250",28,35,0,778,"3,287,081",21,"16,269",688,0,391,295,486,0,486,261,0,188,68,115,162,110,89,88,69,47,48,0
SC,45,"=""29656""",49,0,49,"109,714",9,"10,233",26,"34,734",0,0,0,47,"178,152",0,369,39,0,27,0,35,0,34,0,0,0,0,0,0,0,0,0,0,0,0,0
SC,45,"=""29657""","1,568",0,"1,568","3,912,740",434,"327,410",965,"1,263,240",67,45,65,"1,528","6,423,576",40,"35,016","1,397",0,747,599,908,61,765,689,0,306,129,237,299,216,204,152,143,83,100,0
SC,45,"=""29658""",24,0,24,"35,297",6,"4,350",9,"13,699",0,0,0,22,"65,889",0,"1,390",0,0,0,0,0,0,0,0,0,0,0,0,0,0,0,0,0,0,0,0
SC,45,"=""29659""",25,0,25,"61,937",5,"3,634",8,"9,248",0,0,0,24,"94,143",0,425,23,0,0,0,0,0,0,0,0,0,0,0,0,0,0,0,0,0,0,0
SC,45,"=""29661""",620,0,620,"1,577,004",156,"118,548",380,"496,545",0,0,0,596,"2,442,157",24,"22,843",533,0,299,213,389,0,349,225,0,162,49,109,136,80,58,57,50,41,38,0
SC,45,"=""29662""","1,357",21,"1,357","3,232,009",364,"279,042",790,"1,002,411",146,107,85,"1,308","5,238,710",49,"33,818","1,185",0,570,691,627,39,746,511,0,292,89,159,289,164,186,153,134,98,83,0
SC,45,"=""29664""",114,0,114,"238,624",25,"24,373",60,"81,791",0,0,0,110,"396,390",0,"1,532",96,0,41,36,78,0,67,35,0,31,0,24,29,0,0,0,0,0,0,0
SC,45,"=""29665""",25,0,25,"55,134",7,"4,894",9,"19,443",0,0,0,23,"111,810",0,882,21,0,0,0,0,0,0,0,0,0,0,0,0,0,0,0,0,0,0,0
SC,45,"=""29666""",679,0,679,"1,728,757",186,"151,515",410,"532,954",32,32,28,661,"2,774,133",0,"12,546",597,0,309,329,327,23,389,250,0,109,45,103,145,98,67,68,59,44,48,0
SC,45,"=""29667""",38,0,38,"72,571",9,"7,150",9,"17,300",0,0,0,37,"117,473",0,270,36,0,0,0,21,0,0,0,0,0,0,0,0,0,0,0,0,0,0,0
SC,45,"=""29669""","1,198",0,"1,198","2,958,295",336,"254,875",746,"926,106",41,51,37,"1,158","4,691,754",40,"32,109","1,026",0,611,465,705,28,569,529,0,265,91,202,248,158,117,120,101,92,65,0
SC,45,"=""29670""",803,0,803,"1,971,534",181,"138,384",483,"582,449",38,32,33,781,"3,106,694",22,"20,657",705,0,382,321,459,23,491,244,0,172,90,129,207,101,77,55,69,31,41,0
SC,45,"=""29671""","1,664",0,"1,664","3,989,483",487,"371,473",990,"1,273,314",68,46,47,"1,609","6,563,410",55,"44,227","1,447",0,720,555,"1,045",64,863,689,0,397,126,271,336,194,177,170,145,120,117,0
SC,45,"=""29672""",586,0,586,"1,288,598",156,"119,422",314,"409,117",26,24,35,555,"2,155,883",31,"34,054",498,0,233,237,342,0,334,198,0,127,70,99,111,66,61,51,43,48,37,0
SC,45,"=""29673""","2,871",35,"2,871","7,181,882",810,"622,029","1,757","2,229,736",199,124,120,"2,773","11,478,345",98,"96,170","2,533",0,"1,458","1,249","1,540",82,"1,431","1,200",0,618,212,447,576,409,300,294,257,205,165,0
SC,45,"=""29676""",292,0,292,"606,794",59,"46,943",141,"175,784",0,0,0,265,"974,726",27,"20,469",234,0,115,81,206,0,178,80,0,85,0,68,66,44,24,0,0,0,0,0
SC,45,"=""29677""",34,0,34,"81,351",9,"7,148",9,"25,869",0,0,0,30,"129,553",0,"1,879",26,0,0,0,0,0,0,0,0,0,0,0,0,0,0,0,0,0,0,0
SC,45,"=""29678""","2,092",22,"2,092","5,196,061",496,"378,687","1,256","1,625,879",84,58,66,"2,032","8,331,684",60,"49,227","1,843",0,"1,026",784,"1,280",28,"1,095",809,0,382,202,367,476,274,231,191,136,108,97,0
SC,45,"=""29679""",82,0,82,"176,193",9,"8,242",43,"57,135",0,0,0,80,"301,905",0,345,67,0,30,25,55,0,46,33,0,0,0,0,0,0,0,0,0,0,0,0
SC,45,"=""29680""","2,027",0,"2,027","4,639,670",661,"526,096","1,217","1,558,532",204,122,147,"1,951","7,866,984",76,"69,226","1,783",0,823,"1,104",869,54,"1,116",769,0,442,127,281,359,247,217,237,199,168,185,0
SC,45,"=""29681""","2,444",42,"2,444","5,475,895",690,"524,734","1,413","1,869,997",211,138,196,"2,329","9,188,239",114,"119,107","2,063",0,842,"1,251","1,128",65,"1,376",872,0,641,225,376,449,281,286,227,221,185,179,0
SC,45,"=""29682""",335,0,335,"793,552",83,"63,134",194,"255,269",0,0,0,322,"1,279,745",0,"17,354",276,0,135,134,195,0,169,144,0,79,35,54,59,56,35,25,0,28,23,0
SC,45,"=""29683""",41,0,41,"118,221",9,"11,460",25,"32,825",0,0,0,39,"179,106",0,"3,631",36,0,0,0,27,0,22,0,0,0,0,0,0,0,0,0,0,0,0,0
SC,45,"=""29684""",506,0,506,"1,300,360",137,"111,080",309,"406,843",0,0,0,496,"2,127,828",0,"4,643",443,0,245,177,316,0,302,177,0,82,37,88,84,79,66,50,42,25,31,0
SC,45,"=""29685""",59,0,59,"132,814",9,"11,913",29,"43,964",0,0,0,56,"221,753",0,"5,054",50,0,0,0,42,0,35,0,0,0,0,0,0,0,0,0,0,0,0,0
SC,45,"=""29686""",68,0,68,"129,386",9,"9,359",32,"38,454",0,0,0,64,"229,772",0,"1,888",51,0,0,26,42,0,35,21,0,0,0,0,0,0,0,0,0,0,0,0
SC,45,"=""29687""","3,593",48,"3,593","8,670,595","1,020","760,370","2,159","2,897,358",273,188,176,"3,398","13,542,625",195,"212,961","3,045",0,"1,323","1,772","1,686",135,"2,092","1,246",0,966,256,543,733,460,366,383,349,245,242,0
SC,45,"=""29689""",345,0,345,"831,773",88,"69,838",202,"247,731",0,0,0,326,"1,304,648",0,"15,786",294,0,148,141,201,0,212,105,0,110,35,51,78,46,41,27,24,22,21,0
SC,45,"=""29690""","1,943",0,"1,943","4,905,955",499,"364,000","1,185","1,644,570",98,65,87,"1,841","7,593,714",101,"91,511","1,639",34,807,788,"1,085",70,"1,141",680,0,540,179,305,380,265,218,191,159,126,111,0
SC,45,"=""29691""","1,087",0,"1,087","2,721,516",262,"196,852",660,"885,653",35,31,24,"1,053","4,401,825",34,"32,290",945,0,429,370,710,0,616,388,0,256,106,178,223,159,84,101,95,78,61,0
SC,45,"=""29692""",515,0,515,"1,352,451",128,"88,415",308,"399,010",26,23,21,506,"2,074,415",0,"2,676",455,0,224,247,253,0,271,213,0,99,42,82,97,80,61,53,51,29,0,0
SC,45,"=""29693""","1,396",0,"1,396","3,355,782",381,"283,645",851,"1,103,240",44,37,31,"1,344","5,468,035",52,"42,013","1,229",0,651,446,940,0,801,486,0,341,122,235,298,179,137,107,123,112,77,0
SC,45,"=""29696""",346,0,346,"811,227",104,"76,405",195,"265,775",0,0,0,335,"1,377,190",0,"10,243",304,0,136,125,221,0,194,120,0,84,31,55,57,40,36,31,50,25,21,0
SC,45,"=""29697""","1,182",0,"1,182","2,992,639",371,"280,645",770,"985,440",62,43,44,"1,151","4,797,212",31,"32,935","1,054",0,627,414,751,0,614,483,0,256,91,169,227,172,138,117,96,72,98,0
SC,45,"=""29702""","1,191",0,"1,191","3,140,291",323,"244,479",778,"972,947",34,26,24,"1,178","5,032,032",0,"10,105","1,084",0,728,368,815,0,614,502,0,218,81,204,230,190,139,103,105,74,62,0
SC,45,"=""29704""",299,0,299,"738,684",68,"51,514",183,"226,618",0,0,0,295,"1,174,863",0,"3,047",265,0,159,110,185,0,181,101,0,68,22,61,67,37,32,0,28,0,0,0
SC,45,"=""29706""","2,880",59,"2,880","7,555,959",682,"454,685","1,808","2,167,417",142,92,50,"2,819","11,680,060",61,"60,350","2,524",59,"1,574","1,030","1,771",79,"1,862",872,0,465,228,517,664,414,349,263,225,139,79,0
SC,45,"=""29707""",952,0,952,"2,000,905",293,"245,278",528,"695,168",83,50,76,903,"3,557,669",49,"52,250",811,0,324,420,503,29,627,280,0,298,62,139,183,122,82,97,82,86,92,0
SC,45,"=""29708""",848,0,848,"1,695,313",258,"209,197",455,"565,274",76,70,72,799,"2,911,864",48,"72,640",693,0,271,423,412,0,530,260,0,293,71,124,161,94,68,84,79,80,83,0
SC,45,"=""29709""",714,0,714,"1,688,192",191,"143,125",397,"486,310",27,26,21,694,"2,875,544",0,"17,596",574,0,360,198,516,0,413,267,0,128,61,126,157,86,78,55,63,39,46,0
SC,45,"=""29710""","2,422",28,"2,422","5,648,976",693,"561,307","1,381","1,732,835",136,101,101,"2,347","9,423,928",75,"65,315","2,114",0,"1,109","1,028","1,329",65,"1,452",790,0,569,197,420,512,279,225,222,217,173,161,0
SC,45,"=""29712""",228,0,228,"540,891",60,"45,017",122,"157,504",0,0,0,222,"897,809",0,"3,473",191,0,91,102,118,0,134,77,0,49,29,35,43,26,0,26,22,0,0,0
SC,45,"=""29714""",338,0,338,"872,001",96,"72,293",213,"275,759",0,0,0,332,"1,427,380",0,"4,020",295,0,161,132,199,0,194,130,0,67,26,51,60,60,35,29,28,29,0,0
SC,45,"=""29715""","1,871",27,"1,871","4,469,408",522,"402,074","1,128","1,468,960",150,116,92,"1,790","7,226,742",81,"108,091","1,632",0,736,797,"1,031",43,"1,121",626,0,511,150,255,410,222,181,198,165,147,136,0
SC,45,"=""29716""",52,0,52,"143,135",9,"8,582",25,"33,396",0,0,0,49,"201,811",0,344,43,0,0,0,29,0,35,0,0,0,0,0,22,0,0,0,0,0,0,0
SC,45,"=""29717""",141,0,141,"319,739",38,"32,224",79,"91,218",0,0,0,140,"551,245",0,272,118,0,71,53,87,0,77,57,0,25,0,25,22,23,0,0,0,0,0,0
SC,45,"=""29718""",448,0,448,"1,182,081",125,"90,267",273,"358,478",0,0,0,438,"1,857,647",0,"12,436",384,0,267,108,339,0,255,172,0,113,29,75,91,52,57,61,33,25,24,0
SC,45,"=""29720""","5,224",76,"5,224","13,419,521","1,295","912,582","3,208","3,898,420",356,176,129,"5,092","20,815,683",132,"113,488","4,576",0,"2,938","1,492","3,603",129,"3,348","1,605",0,"1,054",408,921,"1,174",791,578,479,363,274,221,0
SC,45,"=""29721""",183,0,183,"446,332",35,"26,464",100,"123,086",0,0,0,173,"679,495",0,"10,345",141,0,74,49,128,0,125,48,0,42,0,29,41,24,24,21,0,0,0,0
SC,45,"=""29726""",196,0,196,"446,109",57,"41,437",108,"123,108",0,0,0,192,"748,547",0,"4,098",164,0,97,78,113,0,118,61,0,36,0,36,36,25,0,0,0,0,0,0
SC,45,"=""29727""",189,0,189,"551,069",48,"36,430",124,"152,094",0,0,0,182,"856,918",0,"5,956",172,0,123,58,131,0,95,87,0,47,0,31,38,39,32,0,0,0,0,0
SC,45,"=""29728""","1,336",21,"1,336","3,758,589",347,"221,675",881,"1,112,967",55,41,22,"1,311","5,831,233",24,"20,546","1,196",43,901,308,"1,018",0,676,593,0,290,86,226,296,199,170,142,107,64,44,0
SC,45,"=""29729""",267,0,267,"624,386",66,"43,357",160,"201,034",0,0,0,260,"1,080,793",0,"11,688",222,0,133,108,156,0,154,95,0,42,0,51,40,41,28,30,0,0,0,0
SC,45,"=""29730""","7,133",100,"7,133","18,091,837","1,821","1,298,903","4,479","5,444,342",602,362,237,"6,999","28,891,721",134,"112,735","6,357",109,"3,660","2,847","3,932",354,"4,162","2,554",0,"1,197",498,"1,227","1,599","1,028",832,724,549,388,271,0
SC,45,"=""29731""",95,0,95,"219,209",9,"8,558",46,"60,500",0,0,0,94,"372,965",0,582,78,0,29,40,41,0,64,27,0,0,0,0,26,0,0,0,0,0,0,0
SC,45,"=""29732""","4,638",66,"4,638","10,867,503","1,395","1,046,639","2,821","3,490,319",488,292,254,"4,495","18,334,775",142,"114,830","4,070",53,"2,022","2,109","2,373",156,"2,717","1,653",0,957,367,702,894,563,502,504,492,349,249,0
SC,45,"=""29741""",198,0,198,"505,904",72,"55,512",133,"173,185",0,0,0,192,"880,408",0,"8,140",167,0,102,45,150,0,126,58,0,47,0,25,37,30,22,0,0,22,0,0
SC,45,"=""29742""",270,0,270,"647,229",71,"50,915",148,"179,472",0,0,0,264,"1,031,310",0,"3,274",220,0,116,116,148,0,170,83,0,63,27,42,61,36,30,26,0,0,0,0
SC,45,"=""29743""",123,0,123,"297,455",33,"24,708",73,"90,003",0,0,0,119,"487,172",0,"3,359",101,0,52,50,72,0,64,54,0,21,0,22,22,23,0,0,0,0,0,0
SC,45,"=""29744""",29,0,29,"62,234",6,"4,423",9,"15,144",0,0,0,28,"98,468",0,164,21,0,0,0,0,0,0,0,0,0,0,0,0,0,0,0,0,0,0,0
SC,45,"=""29745""","3,069",44,"3,069","7,821,372",828,"600,172","1,891","2,400,122",141,113,76,"2,984","12,447,386",85,"70,146","2,621",61,"1,473","1,228","1,749",92,"1,983",932,0,658,282,504,643,449,317,281,248,187,145,0
SC,45,"=""29801""","3,355",57,"3,355","8,836,679",659,"453,909","2,029","2,529,801",203,163,105,"3,263","13,424,520",92,"88,795","3,046",0,"1,842","1,379","1,815",161,"1,800","1,321",0,687,276,671,852,483,359,261,200,159,90,0
SC,45,"=""29802""",127,0,127,"279,914",24,"18,249",64,"81,314",0,0,0,123,"436,397",0,"2,680",109,0,55,37,74,0,75,46,0,32,0,21,28,0,0,0,0,0,0,0
SC,45,"=""29803""","2,386",26,"2,386","5,508,280",598,"447,332","1,382","1,652,907",176,124,130,"2,293","8,920,022",93,"74,187","2,072",0,979,"1,082","1,231",73,"1,295",900,0,517,201,428,578,301,210,209,196,138,120,0
SC,45,"=""29804""",40,0,40,"105,400",8,"5,409",23,"42,306",0,0,0,40,"169,766",0,0,37,0,0,0,22,0,26,0,0,0,0,0,0,0,0,0,0,0,0,0
SC,45,"=""29805""",563,0,563,"1,412,923",121,"76,650",339,"435,491",25,21,0,548,"2,217,972",0,"14,833",497,0,274,206,337,0,325,192,0,128,52,93,137,81,65,47,39,25,22,0
SC,45,"=""29809""",288,0,288,"755,427",69,"48,710",179,"220,899",0,0,0,280,"1,204,002",0,"3,904",254,0,134,115,160,0,144,127,0,50,27,56,63,45,29,22,0,21,0,0
SC,45,"=""29810""",833,22,833,"2,384,952",169,"111,298",542,"613,116",28,51,0,822,"3,487,956",0,"11,367",757,0,565,294,537,0,536,260,0,202,62,144,229,136,98,62,65,22,0,0
SC,45,"=""29812""","1,568",46,"1,568","4,577,394",368,"255,610","1,047","1,326,384",66,61,48,"1,542","6,685,168",26,"25,241","1,424",0,889,540,"1,025",0,"1,045",448,0,466,88,271,437,215,174,143,111,80,44,0
SC,45,"=""29816""",100,0,100,"258,037",9,"11,747",56,"73,989",0,0,0,95,"390,523",0,"2,770",79,0,46,38,62,0,58,32,0,22,0,0,24,0,0,0,0,0,0,0
SC,45,"=""29817""",705,0,705,"1,908,769",161,"123,204",437,"525,690",36,38,0,694,"2,858,564",0,"8,959",645,0,410,307,393,0,399,252,0,164,43,121,178,102,58,75,63,42,23,0
SC,45,"=""29819""",181,0,181,"505,367",45,"31,766",111,"139,056",0,0,0,180,"777,365",0,38,164,0,97,77,103,0,116,63,0,27,0,23,41,22,26,23,21,0,0,0
SC,45,"=""29821""",126,0,126,"295,375",28,"20,909",71,"87,817",0,0,0,119,"479,579",0,"4,137",108,0,64,48,78,0,57,60,0,33,0,21,31,0,0,0,0,0,0,0
SC,45,"=""29822""",117,0,117,"279,221",37,"24,700",72,"84,207",0,0,0,114,"444,647",0,"1,701",100,0,57,31,82,0,64,50,0,25,0,21,25,0,0,0,0,0,0,0
SC,45,"=""29824""",677,0,677,"1,758,163",182,"127,095",415,"518,424",32,26,0,659,"2,786,028",0,"11,011",608,0,390,275,401,0,282,351,0,110,58,102,123,126,81,75,58,28,24,0
SC,45,"=""29826""",24,0,24,"52,294",9,"6,245",9,"14,443",0,0,0,23,"87,442",0,"1,189",23,0,0,0,0,0,0,0,0,0,0,0,0,0,0,0,0,0,0,0
SC,45,"=""29827""",457,0,457,"1,200,442",102,"70,332",273,"326,187",0,21,0,448,"1,835,165",0,"9,153",397,0,240,141,310,0,240,189,0,118,38,96,89,70,56,42,30,25,0,0
SC,45,"=""29828""",149,0,149,"407,299",31,"26,896",97,"114,888",0,0,0,143,"613,619",0,"6,217",130,0,75,59,85,0,88,54,0,39,0,31,38,0,0,0,0,0,0,0
SC,45,"=""29829""",924,0,924,"2,412,506",253,"185,495",594,"780,676",61,37,43,898,"3,862,596",26,"26,182",843,0,471,401,507,0,531,336,0,224,66,155,197,128,78,86,91,67,53,0
SC,45,"=""29831""",429,0,429,"1,143,049",101,"82,893",284,"349,749",0,23,0,423,"1,854,581",0,"4,603",397,0,244,157,260,0,232,171,0,83,27,64,101,67,47,39,33,0,31,0
SC,45,"=""29832""",814,26,814,"2,131,456",198,"128,559",520,"624,596",54,33,0,801,"3,327,654",0,"7,280",690,0,492,241,567,0,305,437,0,112,54,145,159,124,119,91,67,35,0,0
SC,45,"=""29834""",108,0,108,"269,769",26,"19,962",63,"86,040",0,0,0,104,"432,937",0,869,92,0,38,35,70,0,58,43,0,30,0,25,0,0,0,0,0,0,0,0
SC,45,"=""29835""",697,0,697,"1,785,496",157,"97,112",376,"426,015",38,54,21,683,"2,733,705",0,"14,348",609,0,391,284,391,22,355,304,0,112,40,127,134,113,105,67,68,29,0,0
SC,45,"=""29836""",58,0,58,"150,354",9,"12,034",38,"42,415",0,0,0,57,"246,712",0,160,54,0,35,26,31,0,36,22,0,0,0,0,0,0,0,0,0,0,0,0
SC,45,"=""29838""",26,0,26,"51,667",6,"4,320",9,"17,856",0,0,0,25,"95,161",0,120,23,0,0,0,0,0,0,0,0,0,0,0,0,0,0,0,0,0,0,0
SC,45,"=""29839""",22,0,22,"48,291",4,"2,822",9,"14,846",0,0,0,22,"69,836",0,0,21,0,0,0,0,0,0,0,0,0,0,0,0,0,0,0,0,0,0,0
SC,45,"=""29840""",47,0,47,"132,653",9,"8,202",27,"28,514",0,0,0,47,"195,122",0,0,45,0,32,0,29,0,0,26,0,0,0,0,0,0,0,0,0,0,0,0
SC,45,"=""29841""","3,105",47,"3,105","7,759,739",746,"545,303","1,888","2,371,219",208,160,124,"3,003","12,569,161",101,"97,003","2,780",0,"1,565","1,432","1,596",77,"1,628","1,245",0,661,217,530,729,456,331,298,230,172,130,0
SC,45,"=""29842""",902,0,902,"2,399,560",202,"142,390",580,"718,268",48,39,32,873,"3,764,679",29,"20,834",822,0,478,382,502,0,431,411,0,167,71,163,207,157,94,62,62,46,38,0
SC,45,"=""29843""",142,0,142,"395,322",33,"23,916",88,"119,712",0,0,0,139,"599,471",0,"8,420",125,0,76,37,105,0,71,62,0,46,0,25,43,0,0,0,0,0,0,0
SC,45,"=""29845""",153,0,153,"408,848",45,"31,947",87,"107,791",0,0,0,150,"616,225",0,"1,737",137,0,98,58,94,0,83,65,0,33,0,0,37,25,0,0,0,0,0,0
SC,45,"=""29847""",586,0,586,"1,469,908",163,"119,075",356,"413,025",23,36,0,574,"2,384,971",0,"9,304",533,0,309,244,334,0,264,283,0,100,46,95,115,83,75,58,57,32,22,0
SC,45,"=""29848""",77,0,77,"191,952",9,"8,956",46,"58,691",0,0,0,74,"275,806",0,"3,557",60,0,35,32,39,0,48,28,0,0,0,0,0,0,0,0,0,0,0,0
SC,45,"=""29849""",26,0,26,"67,094",7,"4,387",10,"18,031",0,0,0,26,"103,126",0,0,25,0,0,0,0,0,0,0,0,0,0,0,0,0,0,0,0,0,0,0
SC,45,"=""29851""",893,22,893,"2,416,714",209,"151,127",590,"743,556",39,27,29,875,"3,735,880",0,"10,454",815,0,434,409,465,0,482,356,0,197,77,156,202,136,85,84,59,49,44,0
SC,45,"=""29853""",866,22,866,"2,318,198",199,"142,281",542,"680,413",52,36,21,845,"3,488,860",21,"16,391",777,0,508,351,513,0,493,314,0,196,58,158,206,131,84,88,65,39,36,0
SC,45,"=""29856""",338,0,338,"871,039",79,"56,594",209,"280,256",0,0,0,322,"1,306,264",0,"15,589",298,0,170,122,204,0,198,116,0,94,22,62,82,41,33,36,25,0,0,0
SC,45,"=""29860""","1,121",21,"1,121","3,166,677",213,"137,340",724,"927,548",54,57,37,"1,076","4,361,615",45,"49,658","1,001",0,598,433,672,0,669,382,0,429,67,209,349,161,90,84,74,44,40,0
SC,45,"=""29861""",142,0,142,"396,796",9,"12,752",81,"98,948",0,0,0,121,"448,900",21,"18,492",93,0,61,49,91,0,93,44,0,81,0,26,46,24,0,0,0,0,0,0
SC,45,"=""29901""",100,0,100,"213,898",31,"25,419",52,"62,393",0,0,0,95,"355,078",0,"3,516",85,0,33,58,34,0,52,42,0,0,0,0,21,0,0,0,0,0,0,0
SC,45,"=""29902""","1,324",0,"1,324","3,321,880",390,"302,158",886,"1,137,590",113,70,87,"1,286","5,786,837",38,"25,580","1,183",0,569,748,477,99,680,574,0,267,96,199,263,178,134,120,120,119,93,0
SC,45,"=""29903""",144,0,144,"366,738",36,"26,815",84,"110,362",0,0,0,138,"603,632",0,"2,046",122,0,64,83,50,0,75,64,0,30,0,0,34,0,0,0,21,0,0,0
SC,45,"=""29904""",0,0,0,"44,250",0,"6,369",0,"16,394",0,0,0,0,"99,301",0,0,0,0,0,0,0,0,0,0,0,0,0,0,0,0,0,0,0,0,0,0
SC,45,"=""29905""",0,0,0,"29,234",0,"5,431",0,"13,635",0,0,0,0,"62,897",0,0,0,0,0,0,0,0,0,0,0,0,0,0,0,0,0,0,0,0,0,0
SC,45,"=""29906""","2,864",29,"2,864","7,698,680",906,"649,924","2,051","2,763,090",194,149,150,"2,812","13,585,772",52,"54,328","2,650",0,"1,387","1,634","1,064",166,"1,361","1,357",0,453,172,377,527,354,382,348,275,223,191,0
SC,45,"=""29907""",826,0,826,"2,003,360",261,"196,343",519,"666,682",66,49,53,801,"3,413,765",25,"18,998",727,0,361,450,332,44,461,315,0,204,75,100,160,106,98,90,76,59,55,0
SC,45,"=""29909""",391,0,391,"753,430",118,"89,312",200,"262,278",32,0,33,366,"1,350,593",25,"23,879",320,0,131,214,156,21,237,121,0,107,33,66,88,40,34,34,37,26,32,0
SC,45,"=""29910""","2,893",58,"2,893","7,309,929",875,"641,261","1,827","2,425,572",279,142,161,"2,752","11,637,405",140,"182,975","2,447",0,"1,095","1,394","1,428",71,"1,739",980,0,926,183,400,589,405,362,315,257,207,169,0
SC,45,"=""29911""",194,0,194,"503,533",59,"36,743",124,"142,270",0,0,0,187,"787,452",0,"4,612",169,0,101,59,135,0,92,87,0,47,0,31,42,27,21,22,0,0,0,0
SC,45,"=""29916""",170,0,170,"455,750",43,"32,637",100,"123,612",0,0,0,167,"689,742",0,778,155,0,97,78,91,0,81,82,0,29,0,22,31,26,23,0,24,0,0,0
SC,45,"=""29918""",685,0,685,"1,946,915",176,"113,788",451,"510,991",23,30,0,677,"2,944,636",0,"5,546",604,0,395,310,373,0,339,304,0,153,51,111,147,125,91,58,50,39,0,0
SC,45,"=""29920""","1,158",0,"1,158","3,092,236",277,"173,901",721,"888,338",77,49,41,"1,129","4,906,837",29,"16,769","1,023",0,605,704,376,78,591,502,0,212,84,215,243,196,154,111,85,42,26,0
SC,45,"=""29921""",36,0,36,"121,122",9,"7,798",28,"32,240",0,0,0,35,"170,064",0,298,31,0,24,0,0,0,0,0,0,0,0,0,0,0,0,0,0,0,0,0
SC,45,"=""29922""",190,0,190,"547,595",59,"37,406",123,"144,836",0,0,0,188,"839,775",0,"2,522",170,0,122,75,115,0,99,83,0,33,0,24,53,22,28,22,0,0,0,0
SC,45,"=""29923""",55,0,55,"152,856",9,"8,937",28,"31,857",0,0,0,54,"232,979",0,366,46,0,32,30,24,0,23,27,0,0,0,0,0,0,0,0,0,0,0,0
SC,45,"=""29924""",528,0,528,"1,420,157",121,"89,039",327,"404,814",21,28,0,511,"2,146,654",0,"16,864",465,0,297,217,309,0,266,223,0,129,31,110,126,78,61,44,29,23,23,0
SC,45,"=""29925""",126,0,126,"308,508",28,"17,509",68,"91,656",0,0,0,122,"464,084",0,"5,270",98,0,33,44,66,0,91,31,0,49,0,0,24,0,0,0,0,0,0,0
SC,45,"=""29926""","1,166",39,"1,166","2,904,212",256,"172,602",710,"954,378",74,48,40,"1,105","4,602,046",61,"65,629",952,0,404,524,593,49,704,385,0,364,99,206,282,167,133,125,69,52,33,0
SC,45,"=""29927""","1,071",21,"1,071","3,042,404",262,"170,350",725,"916,482",54,39,34,"1,048","4,635,060",23,"22,791",933,0,529,565,487,0,525,475,0,239,73,165,266,177,125,117,73,43,29,0
SC,45,"=""29928""",540,28,540,"831,736",96,"72,103",187,"242,869",32,0,26,488,"1,394,571",52,"49,503",405,0,162,319,205,0,284,151,0,147,70,110,168,46,46,37,26,0,0,0
SC,45,"=""29929""",122,0,122,"314,041",9,"13,012",66,"83,814",0,0,0,121,"467,467",0,"1,767",111,0,49,50,69,0,78,38,0,45,0,0,32,21,0,0,0,0,0,0
SC,45,"=""29931""",61,0,61,"171,144",9,"9,189",35,"47,835",0,0,0,60,"283,342",0,247,48,0,27,21,34,0,39,0,0,0,0,0,0,0,0,0,0,0,0,0
SC,45,"=""29932""",45,0,45,"114,381",9,"10,414",26,"29,064",0,0,0,45,"192,336",0,0,41,0,27,0,25,0,21,0,0,0,0,0,0,0,0,0,0,0,0,0
SC,45,"=""29934""",159,0,159,"413,610",40,"29,385",95,"113,101",0,0,0,154,"652,628",0,"4,831",136,0,75,81,75,0,84,67,0,31,0,26,30,27,0,0,0,0,0,0
SC,45,"=""29935""",521,0,521,"1,289,526",134,"97,430",322,"397,784",44,0,21,506,"2,150,369",0,"14,113",477,0,269,285,205,31,249,240,0,92,39,97,114,65,68,50,39,31,0,0
SC,45,"=""29936""","1,729",42,"1,729","4,662,383",403,"279,223","1,094","1,351,571",62,67,40,"1,694","7,247,073",34,"25,813","1,523",0,907,891,799,39,935,700,0,382,135,293,401,273,190,183,115,77,60,0
SC,45,"=""29938""",50,0,50,"101,648",9,"8,567",26,"37,673",0,0,0,43,"170,826",0,"4,176",30,0,0,0,30,0,36,0,0,24,0,0,0,0,0,0,0,0,0,0
SC,45,"=""29940""",554,0,554,"1,590,985",121,"80,365",357,"458,669",26,22,0,549,"2,456,669",0,"1,218",510,0,308,286,241,27,303,219,0,105,33,88,127,95,78,63,33,23,0,0
SC,45,"=""29941""",80,0,80,"192,647",23,"18,035",47,"51,482",0,0,0,78,"316,288",0,"1,097",68,0,44,37,35,0,45,28,0,0,0,0,0,0,0,0,0,0,0,0
SC,45,"=""29943""",94,0,94,"260,191",9,"7,721",51,"61,609",0,0,0,93,"380,682",0,162,82,0,51,42,52,0,49,39,0,0,0,0,23,0,23,0,0,0,0,0
SC,45,"=""29944""",717,0,717,"1,967,085",168,"123,005",454,"545,938",31,33,28,707,"3,081,843",0,"5,513",636,0,403,297,416,0,362,308,0,148,50,108,175,113,79,73,57,29,32,0
SC,45,"=""29945""",759,0,759,"1,947,898",197,"130,921",465,"558,710",32,53,32,744,"3,184,233",0,"10,400",687,0,416,361,377,21,398,304,0,119,63,133,151,107,111,77,57,36,23,0
