"STATE","STFIPS","city","CLASS","plc_fip","ERETURN14","ENEW14","EEIC14","EEICAM14","ECTC14","ECTCAM14","EACTC14","EACTCAM14","ECDCTC14","EEDCR14","ESLD14","EREF14","EREFAM14","EBAL14","EBALAM14","EDIRDP14","ERAL14","ERAC14","ESELF14","EPAID14","EVOL14","E1040_14","E1040A_14","E1040Z_14","ECEF14","EAGI0_14","EAGI5_14","EAGI10_14","EAGI15_14","EAGI20_14","EAGI25_14","EAGI30_14","EAGI35_14","EAGI40_14","EAGI50_14"
KY,21,Adairville,city,"=""00298""",76,0,76,"192,934",25,"19,506",45,"59,255",0,0,0,72,"332,915",0,"2,287",63,0,40,32,41,0,40,32,0,13,0,0,21,0,0,9,11,0,0,0
KY,21,Albany,city,"=""00694""",275,0,275,"730,618",65,"45,214",175,"217,707",7,7,11,263,"1,162,512",12,"9,754",230,0,115,44,231,0,128,131,0,95,21,47,62,41,33,25,20,14,12,0
KY,21,Alexandria,city,"=""00802""",462,0,462,"960,282",136,"114,837",242,"303,925",23,27,35,445,"1,823,562",17,"12,364",393,0,155,225,231,0,253,171,0,88,45,62,95,54,46,38,41,40,37,0
KY,21,Allen,city,"=""00946""",26,0,26,"63,962",6,"6,263",16,"18,058",0,0,0,26,"106,314",0,250,23,0,15,8,18,0,14,10,0,6,0,0,6,0,0,0,0,0,0,0
KY,21,Allensville,city,"=""01000""",12,0,12,"30,808",2,"5,018",8,"11,252",0,0,0,12,"59,454",0,407,11,0,7,0,8,0,7,0,0,0,0,0,0,0,0,0,0,0,0,0
KY,21,Anchorage,city,"=""01504""",77,2,77,"154,228",18,"13,722",37,"47,864",7,5,7,74,"270,116",3,"2,611",65,0,26,43,33,2,42,26,0,18,9,14,17,9,6,6,6,5,4,0
KY,21,Annville,CDP,"=""01648""",102,0,102,"260,900",21,"16,119",61,"75,975",0,0,0,99,"439,475",0,713,82,0,39,29,73,0,71,26,0,31,7,15,25,16,9,10,7,0,0,0
KY,21,Arlington,city,"=""02044""",42,0,42,"99,618",8,"5,908",24,"27,916",0,0,0,39,"164,925",0,"1,096",36,0,15,11,30,0,21,15,0,10,0,8,11,8,0,0,0,0,0,0
KY,21,Artemus,CDP,"=""02188""",141,1,141,"400,831",31,"19,360",90,"119,993",1,1,1,137,"631,907",1,"1,191",126,0,91,33,106,1,75,55,0,38,3,6,36,25,4,3,2,2,2,0
KY,21,Ashland,city,"=""02368""","2,191",20,"2,191","4,998,706",428,"316,216","1,225","1,420,726",59,65,94,"2,145","8,242,682",42,"30,687","1,919",0,"1,056","1,036","1,042",108,948,964,0,342,261,451,511,266,189,131,133,110,84,0
KY,21,Auburn,city,"=""02638""",141,0,141,"341,766",41,"33,318",88,"115,493",7,6,7,137,"611,553",0,"2,908",124,0,61,51,83,7,82,50,0,36,11,22,30,18,13,12,14,8,12,0
KY,21,Audubon Park,city,"=""02656""",169,5,169,"384,735",43,"31,118",96,"119,128",10,7,8,165,"670,257",5,"3,660",147,0,74,75,87,7,91,63,0,29,18,30,38,21,16,16,15,10,5,0
KY,21,Augusta,city,"=""02674""",131,0,131,"337,125",27,"24,648",80,"94,267",0,0,0,128,"555,427",0,"2,282",109,0,70,51,80,0,73,50,0,43,13,26,29,17,0,13,0,0,0,0
KY,21,Auxier,CDP,"=""02764""",76,0,76,"169,530",21,"17,668",49,"50,202",0,1,0,73,"292,406",1,694,65,0,38,27,46,1,41,26,0,5,2,5,5,3,1,1,2,1,1,0
KY,21,Bancroft,city,"=""03376""",13,0,13,"27,210",4,"2,809",7,"8,401",1,1,1,13,"48,862",1,576,11,0,5,8,5,0,7,5,0,3,1,2,3,1,1,1,1,1,1,0
KY,21,Bandana,CDP,"=""03412""",16,0,16,"39,542",4,"2,794",9,"11,355",0,0,0,16,"69,763",0,154,14,0,6,7,9,0,9,6,0,3,1,2,3,2,2,1,1,1,0,0
KY,21,Barbourmeade,city,"=""03556""",55,1,55,"109,169",15,"11,507",28,"33,890",5,4,5,52,"197,268",3,"2,745",46,0,20,29,25,1,32,18,0,14,6,10,11,5,5,5,5,4,3,0
KY,21,Barbourville,city,"=""03574""",374,7,374,"1,024,265",85,"59,300",243,"303,886",7,11,15,366,"1,589,459",9,"6,058",329,0,206,106,260,9,205,145,0,111,32,65,84,59,44,27,19,24,17,0
KY,21,Bardstown,city,"=""03628""","1,229",14,"1,229","2,850,355",354,"276,048",737,"875,442",57,58,74,"1,192","5,189,242",37,"25,818","1,040",0,560,473,749,0,698,434,0,237,118,211,251,143,121,114,112,85,71,0
KY,21,Bardwell,city,"=""03664""",72,0,72,"169,857",18,"13,983",41,"52,739",0,0,0,70,"295,077",0,"2,402",63,0,28,27,45,0,39,29,0,19,7,14,15,10,0,7,0,0,0,0
KY,21,Barlow,city,"=""03718""",67,0,67,"152,452",13,"9,176",39,"44,790",0,0,0,65,"251,463",0,"2,568",59,0,20,25,41,0,43,18,0,14,0,14,15,0,0,0,0,0,0,0
KY,21,Beattyville,city,"=""04546""",127,0,127,"320,718",24,"16,770",76,"91,999",0,0,0,120,"486,620",6,"4,298",102,0,61,42,82,0,77,39,0,44,12,25,34,17,11,11,6,5,5,0
KY,21,Beaver Dam,city,"=""04654""",350,0,350,"878,297",96,"71,572",213,"289,374",0,0,14,342,"1,558,535",0,"4,245",311,0,193,111,225,14,188,136,0,60,36,50,69,48,39,29,28,23,26,0
KY,21,Bedford,city,"=""04816""",61,0,61,"153,654",14,"10,164",36,"48,278",0,0,3,59,"267,735",0,687,53,0,29,23,37,0,34,22,0,13,7,10,10,9,7,6,5,0,3,0
KY,21,Beech Grove,CDP,"=""04978""",19,0,19,"45,269",4,"2,979",11,"13,513",0,0,0,19,"76,895",0,447,16,0,9,6,12,1,9,9,0,4,3,3,4,3,1,1,1,0,0,0
KY,21,Beechmont,CDP,"=""05014""",82,0,82,"214,701",17,"14,476",51,"67,890",0,0,0,80,"354,007",0,993,71,0,40,0,67,0,47,29,0,16,0,0,18,0,0,0,0,0,0,0
KY,21,Beechwood Village,city,"=""05068""",53,1,53,"92,557",11,"8,442",23,"28,726",4,4,6,50,"166,638",3,"2,222",42,0,16,30,22,1,28,18,0,13,8,11,10,5,4,5,4,3,3,0
KY,21,Bellefonte,city,"=""05374""",81,1,81,"183,643",15,"11,142",45,"52,034",2,2,4,79,"300,607",1,"1,217",71,0,40,39,37,4,34,36,0,12,10,18,19,10,7,5,5,4,3,0
KY,21,Bellemeade,city,"=""05392""",42,0,42,"80,221",10,"7,924",20,"24,701",4,3,4,40,"143,055",2,"1,651",34,0,13,24,16,1,23,15,0,10,6,7,9,5,3,4,4,3,2,0
KY,21,Belleview,CDP,"=""05428""",23,0,23,"53,075",7,"5,626",14,"18,022",2,1,2,23,"99,672",1,637,20,0,9,13,10,0,12,9,0,4,2,3,5,3,2,2,2,2,2,0
KY,21,Bellevue,city,"=""05446""",500,0,500,"1,067,263",133,"104,087",281,"335,417",0,31,33,482,"1,927,497",0,"12,525",425,0,213,266,225,0,222,220,0,86,58,92,108,47,54,39,41,38,21,0
KY,21,Benham,city,"=""05662""",41,0,41,"105,041",7,"5,356",25,"28,261",0,0,0,41,"156,788",0,699,38,0,26,10,31,0,22,16,0,10,6,8,12,6,3,2,0,0,0,0
KY,21,Benton,city,"=""05824""",330,0,330,"751,353",84,"66,454",186,"232,980",11,12,16,319,"1,333,904",12,"10,868",286,0,141,126,200,0,174,128,0,77,34,57,63,42,33,31,26,21,23,0
KY,21,Berea,city,"=""05842""","1,264",0,"1,264","3,014,533",321,"255,873",745,"932,914",33,48,81,"1,220","5,072,252",44,"30,891","1,094",0,573,479,740,46,797,378,0,333,128,215,263,165,132,93,84,85,92,0
KY,21,Berry,city,"=""05968""",20,0,20,"49,276",5,"4,489",12,"17,272",0,0,0,19,"87,091",0,649,17,0,9,7,12,0,12,6,0,5,2,3,4,3,2,0,0,0,0,0
KY,21,Betsy Layne,CDP,"=""06220""",89,0,89,"235,367",18,"13,636",56,"71,018",0,0,0,89,"402,571",0,480,80,0,49,29,60,0,44,41,0,17,1,2,20,1,1,1,0,0,0,0
KY,21,Blackey,city,"=""07012""",16,0,16,"37,698",4,"2,628",11,"11,797",0,0,0,16,"64,956",0,7,12,0,6,0,10,0,7,6,0,0,0,0,0,0,0,0,0,0,0,0
KY,21,Blaine,city,"=""07264""",6,0,6,"13,974",1,"1,128",4,"4,293",0,0,0,5,"23,301",0,222,5,0,3,2,4,0,3,2,0,1,0,0,0,0,0,0,0,0,0,0
KY,21,Blandville,city,"=""07390""",7,0,7,"16,089",3,"2,071",4,"4,785",0,0,0,7,"29,994",0,255,6,0,2,3,5,0,4,3,0,2,1,1,0,0,1,0,1,0,0,0
KY,21,Bloomfield,city,"=""07516""",77,0,77,"185,155",18,"15,709",45,"55,008",0,0,5,73,"324,258",0,"3,703",63,0,31,24,52,0,49,24,0,24,5,13,15,13,7,6,8,0,5,0
KY,21,Blue Ridge Manor,city,"=""07858""",42,1,42,"84,682",10,"7,534",20,"26,281",4,3,4,41,"148,313",2,"1,434",36,0,14,23,18,1,23,14,0,10,5,8,10,5,4,3,4,3,2,0
KY,21,Bonnieville,city,"=""08488""",33,0,33,"76,197",7,"4,746",17,"23,428",0,0,0,31,"131,531",0,"1,416",28,0,13,10,22,0,22,9,0,11,3,6,7,5,0,0,0,0,0,0
KY,21,Booneville,city,"=""08614""",11,0,11,"31,040",2,"1,533",7,"8,684",0,0,0,11,"46,860",0,120,9,0,6,4,7,1,6,4,0,4,1,2,3,2,1,1,1,0,0,0
KY,21,Boston,CDP,"=""08722""",20,0,20,"47,611",4,"3,733",11,"14,159",0,0,0,19,"84,343",0,732,17,0,7,9,11,0,10,8,0,6,0,3,4,3,0,0,0,0,0,0
KY,21,Bowling Green,city,"=""08902""","6,006",144,"6,006","14,025,325","1,441","1,045,196","3,436","4,395,331",249,252,316,"5,750","23,482,729",247,"281,274","5,077",0,"2,518","2,291","3,449",253,"3,064","2,387",0,"1,245",665,"1,103","1,240",716,637,520,417,326,294,0
KY,21,Bradfordsville,city,"=""09100""",26,0,26,"70,952",8,"6,067",17,"24,911",0,0,0,25,"126,582",0,214,21,0,11,8,18,0,15,10,0,6,0,0,0,0,0,0,0,0,0,0
KY,21,Brandenburg,city,"=""09226""",259,0,259,"600,625",68,"52,397",151,"181,524",12,12,17,250,"1,083,901",9,"6,362",224,0,82,94,159,6,170,75,0,54,20,46,52,34,22,27,22,18,17,0
KY,21,Breckinridge Center,CDP,"=""09379""",64,0,64,"146,275",17,"13,477",36,"42,416",0,0,3,62,"274,115",0,708,54,0,30,20,42,0,28,31,0,9,7,11,12,8,7,6,5,4,4,0
KY,21,Bremen,city,"=""09406""",20,0,20,"48,697",5,"4,245",12,"13,694",0,0,0,19,"80,753",0,786,17,0,9,6,14,0,11,7,0,4,0,4,4,3,2,0,0,0,0,0
KY,21,Briarwood,city,"=""09532""",32,0,32,"64,907",9,"6,700",17,"20,040",3,3,2,31,"116,556",1,"1,373",27,0,11,18,13,0,18,12,0,7,3,6,6,3,4,3,3,2,2,0
KY,21,Brodhead,city,"=""09838""",121,0,121,"282,092",32,"28,237",69,"85,987",0,0,0,115,"499,189",0,"5,387",103,0,48,39,81,0,75,39,0,35,11,19,26,16,14,8,8,8,12,0
KY,21,Bromley,city,"=""09856""",66,0,66,"151,829",17,"12,722",38,"48,741",3,0,2,64,"261,448",2,"1,970",57,0,31,31,33,3,32,28,0,11,8,13,14,7,6,7,5,3,4,0
KY,21,Brooks,CDP,"=""09964""",166,0,166,"378,844",38,"29,566",89,"124,880",0,0,0,159,"692,357",0,"4,947",139,0,63,80,86,0,91,62,0,41,20,31,28,16,20,0,0,0,0,0
KY,21,Brooksville,city,"=""10000""",68,0,68,"173,221",15,"11,907",41,"51,155",0,0,4,65,"280,572",0,"1,783",58,0,32,25,42,0,38,25,0,22,8,11,16,9,6,7,5,4,0,0
KY,21,Brownsboro Farm,city,"=""10162""",24,0,24,"46,668",6,"4,957",12,"14,516",2,2,2,23,"84,523",1,"1,242",20,0,8,12,11,1,14,8,0,6,3,4,5,2,2,2,2,2,1,0
KY,21,Brownsboro Village,city,"=""10198""",17,0,17,"29,378",4,"2,679",7,"9,118",1,1,2,16,"52,892",1,705,13,0,5,9,7,0,9,6,0,4,3,4,3,2,1,2,1,1,1,0
KY,21,Brownsville,city,"=""10324""",101,0,101,"255,253",23,"17,706",60,"79,011",0,0,0,97,"434,015",0,"3,557",86,0,30,22,74,5,74,22,0,31,10,15,22,14,9,8,10,7,6,0
KY,21,Buckhorn,city,"=""10612""",13,0,13,"35,189",2,"1,066",8,"9,612",0,0,0,13,"53,398",0,0,10,0,7,0,9,0,6,5,0,0,0,0,4,0,0,0,0,0,0,0
KY,21,Buckner,CDP,"=""10648""",145,0,145,"320,467",43,"33,199",78,"101,155",9,5,9,142,"578,970",3,"3,398",126,0,49,55,61,5,67,45,0,25,12,19,22,13,14,12,12,8,9,0
KY,21,Buffalo,CDP,"=""10774""",58,0,58,"138,916",15,"10,986",35,"40,935",0,0,0,57,"243,920",0,554,51,0,24,21,37,0,27,25,0,16,0,12,11,10,0,0,0,0,0,0
KY,21,Burgin,city,"=""11044""",177,0,177,"414,273",49,"40,181",101,"117,097",3,3,4,170,"676,918",4,"8,983",145,0,76,65,111,0,95,69,0,47,10,14,37,10,9,7,7,6,5,0
KY,21,Burkesville,city,"=""11098""",184,0,184,"465,528",44,"29,991",105,"135,117",5,0,7,175,"774,621",9,"7,019",147,0,60,36,146,0,93,58,0,54,17,29,31,26,17,13,10,11,6,0
KY,21,Burlington,CDP,"=""11170""","1,008",0,"1,008","2,307,300",304,"244,563",589,"783,471",66,61,72,980,"4,332,999",28,"27,698",883,0,374,569,418,21,520,388,0,173,86,150,203,114,95,89,104,91,72,0
KY,21,Burna,CDP,"=""11188""",18,0,18,"42,688",3,"5,684",12,"12,970",0,0,0,17,"82,133",0,515,16,0,10,0,13,0,9,8,0,0,0,0,0,0,0,0,0,0,0,0
KY,21,Burnside,city,"=""11278""",57,0,57,"138,996",10,"7,356",33,"38,208",0,0,0,55,"214,176",0,"1,444",48,0,33,17,38,0,25,25,0,13,9,12,13,7,5,5,3,0,0,0
KY,21,Butler,city,"=""11530""",43,0,43,"103,108",13,"10,189",26,"32,924",0,0,3,42,"196,190",0,"1,710",39,0,19,17,26,0,22,18,0,9,4,8,8,5,5,5,0,0,3,0
KY,21,Cadiz,city,"=""11692""",241,0,241,"545,916",62,"45,224",135,"166,725",9,9,11,232,"971,747",9,"7,450",205,0,110,103,123,15,117,103,0,51,22,41,51,36,22,18,21,14,16,0
KY,21,Calhoun,city,"=""11854""",63,0,63,"147,940",13,"9,734",35,"44,162",0,0,0,61,"251,296",0,"1,460",51,0,29,20,38,4,31,28,0,12,8,9,14,11,5,4,4,0,0,0
KY,21,California,city,"=""11872""",5,0,5,"11,685",1,"1,292",3,"3,758",0,0,0,5,"21,668",0,34,4,0,2,2,3,0,3,2,0,1,1,1,1,1,0,0,0,0,0,0
KY,21,Calvert City,city,"=""12016""",215,0,215,"501,882",55,"41,905",121,"145,219",0,0,0,209,"840,225",0,"6,048",184,0,101,100,109,0,114,83,0,38,26,38,46,27,16,19,14,15,13,0
KY,21,Camargo,city,"=""12052""",112,2,112,"278,821",28,"21,382",70,"86,355",4,4,5,109,"467,298",3,"2,067",99,0,57,34,77,0,54,49,0,27,11,19,25,15,11,9,9,6,6,0
KY,21,Campbellsburg,city,"=""12142""",73,0,73,"166,643",20,"16,328",43,"54,871",0,0,0,70,"303,024",0,"1,192",63,0,29,28,44,0,41,26,0,22,8,12,12,10,10,8,0,7,0,0
KY,21,Campbellsville,city,"=""12160""",983,13,983,"2,408,929",230,"165,752",580,"740,092",28,41,55,951,"4,087,758",30,"23,369",861,0,416,327,648,0,561,336,0,245,98,163,205,137,95,80,64,53,54,0
KY,21,Campton,city,"=""12358""",57,0,57,"150,857",12,"8,723",37,"45,944",0,0,2,55,"244,224",2,"1,846",45,0,24,14,43,0,40,14,0,19,6,11,12,8,6,4,4,4,3,0
KY,21,Caneyville,city,"=""12538""",64,0,64,"167,175",15,"10,598",39,"53,935",0,0,0,61,"278,005",4,"3,596",53,0,26,16,48,0,41,20,0,23,6,8,15,11,6,5,4,5,4,0
KY,21,Cannonsburg,CDP,"=""12610""",73,0,73,"168,618",16,"12,150",40,"48,551",2,2,3,71,"284,594",2,782,65,0,35,32,37,4,33,32,0,13,8,14,18,9,6,5,5,4,4,0
KY,21,Carlisle,city,"=""12898""",230,0,230,"559,752",53,"40,437",130,"158,433",0,0,10,221,"928,085",9,"7,139",192,0,75,60,157,12,128,83,0,81,24,40,51,33,19,22,14,14,13,0
KY,21,Carrollton,city,"=""13024""",364,0,364,"928,467",97,"71,116",232,"285,351",0,0,12,357,"1,630,723",0,"6,317",319,0,185,112,251,0,224,113,0,54,37,70,69,54,38,29,34,19,12,0
KY,21,Carrsville,city,"=""13060""",4,0,4,"10,388",1,709,3,"3,244",0,0,0,4,"17,406",0,76,4,0,2,2,3,0,2,2,0,1,0,1,1,1,0,0,0,0,0,0
KY,21,Catlettsburg,city,"=""13420""",136,0,136,"302,451",27,"21,909",71,"81,679",0,0,5,132,"503,052",0,"3,288",119,0,59,61,69,5,59,61,0,27,16,27,33,15,11,10,8,7,8,0
KY,21,Cave City,city,"=""13492""",299,0,299,"722,779",70,"51,315",173,"212,467",0,0,0,287,"1,208,094",12,"6,484",257,0,139,68,223,0,198,81,0,84,36,58,68,34,30,21,20,16,15,0
KY,21,Cawood,CDP,"=""13582""",120,0,120,"345,181",18,"12,925",82,"93,938",0,0,0,118,"469,514",0,914,89,0,60,43,75,0,93,21,0,45,0,35,29,14,0,0,0,0,0,0
KY,21,Cayce,CDP,"=""13600""",12,0,12,"32,377",2,"1,430",8,"9,593",0,0,0,12,"51,986",0,157,11,0,6,5,7,0,6,5,0,2,2,2,3,2,2,1,1,0,0,0
KY,21,Cecilia,CDP,"=""13636""",52,0,52,"121,521",14,"9,939",30,"39,017",0,0,3,50,"220,404",0,"2,577",46,0,20,22,28,0,26,22,0,12,5,8,11,7,6,5,4,4,4,0
KY,21,Centertown,city,"=""13870""",41,0,41,"105,982",12,"7,617",27,"32,856",0,0,0,40,"176,304",0,436,37,0,25,12,28,0,24,14,0,8,0,7,8,0,6,0,0,0,0,0
KY,21,Central City,city,"=""13978""",507,0,507,"1,172,480",120,"82,743",293,"352,598",0,12,18,492,"1,997,402",15,"8,958",446,0,257,135,364,0,273,188,0,93,59,90,118,61,54,40,29,31,24,0
KY,21,Cerulean,CDP,"=""14068""",19,0,19,"41,129",5,"3,542",11,"14,863",0,0,0,19,"71,893",0,485,17,0,9,8,10,0,10,7,0,5,0,0,0,0,0,0,0,0,0,0
KY,21,Chaplin,CDP,"=""14266""",49,0,49,"129,471",9,"11,081",32,"37,549",0,0,1,48,"219,860",0,955,41,0,21,6,33,0,31,16,0,6,1,3,4,3,2,2,2,0,1,0
KY,21,Clarkson,city,"=""15148""",93,0,93,"231,038",24,"17,483",58,"73,853",0,0,5,88,"400,195",5,"3,422",77,0,35,28,65,0,64,24,0,28,7,14,19,12,10,9,8,5,8,0
KY,21,Claryville,CDP,"=""15166""",128,0,128,"265,866",38,"31,794",67,"84,145",6,7,10,123,"504,875",5,"3,423",109,0,43,62,64,0,70,47,0,24,12,17,26,15,13,11,11,11,10,0
KY,21,Clay,city,"=""15202""",75,0,75,"156,916",19,"17,368",38,"46,806",0,0,0,72,"293,572",0,"4,596",60,0,29,29,46,0,27,39,0,13,0,12,16,10,0,0,0,0,0,0
KY,21,Clay City,city,"=""15238""",150,0,150,"399,289",31,"22,816",93,"117,660",0,0,4,147,"631,497",0,"2,077",128,0,81,43,107,0,82,54,0,45,13,32,34,20,16,13,9,7,7,0
KY,21,Clinton,city,"=""15742""",109,0,109,"276,000",25,"18,217",64,"84,874",0,0,0,107,"469,418",0,"3,858",94,0,42,36,72,0,52,46,0,23,11,12,29,16,12,0,10,0,0,0
KY,21,Cloverport,city,"=""15904""",68,0,68,"174,602",17,"11,292",41,"47,504",0,0,0,67,"292,020",0,"1,095",61,0,31,20,47,0,37,26,0,14,9,10,14,10,0,0,0,0,0,0
KY,21,Coal Run Village,city,"=""16110""",115,0,115,"271,798",22,"16,721",65,"74,835",2,4,5,114,"451,950",2,"1,378",102,0,59,53,61,0,59,47,0,20,15,22,27,15,10,9,6,6,6,0
KY,21,Coldiron,CDP,"=""16354""",30,0,30,"80,128",7,"6,316",16,"19,859",0,0,0,29,"130,269",0,444,25,0,16,0,23,0,17,11,0,8,0,0,0,0,0,0,0,0,0,0
KY,21,Cold Spring,city,"=""16372""",299,0,299,"613,120",84,"66,186",148,"191,062",16,19,25,289,"1,161,826",10,"8,563",257,0,102,161,130,8,156,117,0,48,31,49,60,31,29,31,26,24,16,0
KY,21,Coldstream,city,"=""16395""",40,0,40,"78,602",11,"8,597",20,"24,409",4,3,4,38,"145,493",2,"1,218",33,0,12,22,17,1,23,13,0,9,3,6,7,5,4,5,4,3,3,0
KY,21,Columbia,city,"=""16750""",466,0,466,"1,202,854",93,"63,913",276,"361,083",13,14,25,447,"1,915,474",20,"15,594",392,0,180,120,343,0,291,147,0,182,47,80,105,72,50,38,23,27,24,0
KY,21,Columbus,city,"=""16768""",19,0,19,"41,522",3,"2,170",7,"10,511",0,0,0,19,"69,819",0,0,17,0,0,0,0,0,0,0,0,0,0,0,0,0,0,0,0,0,0,0
KY,21,Concord,city,"=""16894""",3,0,3,"7,056",1,598,2,"2,177",0,0,0,3,"11,483",0,265,2,0,1,1,2,0,2,1,0,1,0,0,1,0,0,0,0,0,0,0
KY,21,Corbin,city,"=""17362""",991,8,991,"2,514,832",237,"175,902",624,"772,558",20,20,37,959,"4,144,314",22,"24,293",857,0,497,343,626,16,491,426,0,224,79,171,216,124,110,96,84,36,40,0
KY,21,Corinth,city,"=""17434""",22,0,22,"52,013",5,"3,817",12,"16,580",0,0,0,22,"91,577",0,677,19,0,11,7,15,0,14,6,0,5,2,4,5,3,2,2,0,2,0,0
KY,21,Corydon,city,"=""17686""",49,0,49,"110,880",14,"12,236",31,"38,005",0,0,0,47,"209,556",0,"1,754",41,0,22,20,28,0,25,21,0,9,5,8,9,5,5,5,0,0,0,0
KY,21,Covington,city,"=""17848""","4,012",47,"4,012","9,549,391",845,"614,059","2,326","2,863,457",139,128,179,"3,920","15,660,900",74,"68,929","3,515",0,"1,948","2,114","1,705",192,"1,976","1,582",0,684,522,822,969,487,351,304,259,169,124,0
KY,21,Crab Orchard,city,"=""17956""",90,0,90,"231,580",18,"12,671",56,"71,699",0,0,0,87,"366,188",0,"2,620",74,0,35,25,64,0,62,23,0,34,9,18,23,10,9,7,6,6,0,0
KY,21,Crayne,CDP,"=""18190""",14,0,14,"34,411",3,"2,597",8,"10,065",0,0,0,14,"59,558",1,264,12,0,6,3,11,0,7,6,0,3,2,3,3,2,2,1,1,1,1,0
KY,21,Creekside,city,"=""18270""",13,0,13,"24,323",3,"2,583",6,"7,566",1,1,1,12,"44,052",1,647,10,0,4,6,6,0,7,4,0,3,1,2,2,1,1,1,1,1,1,0
KY,21,Crescent Springs,city,"=""18352""",200,3,200,"414,843",61,"48,072",107,"131,483",15,12,18,193,"772,179",7,"5,938",171,0,69,114,82,4,103,79,0,38,22,28,40,23,20,22,18,15,12,0
KY,21,Crestview,city,"=""18424""",19,0,19,"38,100",5,"4,113",9,"11,873",1,1,2,18,"72,196",1,532,16,0,6,10,8,1,10,7,0,3,2,3,4,2,2,2,2,2,1,0
KY,21,Crestview Hills,city,"=""18442""",179,2,179,"370,529",55,"42,937",96,"117,438",13,10,16,172,"689,694",7,"5,304",152,0,62,102,73,3,92,70,0,34,20,25,36,20,17,20,16,13,11,0
KY,21,Crestwood,city,"=""18496""",217,0,217,"483,873",65,"51,420",122,"156,310",21,12,22,204,"846,266",12,"9,817",176,0,72,105,106,6,131,73,0,65,23,29,36,25,25,22,19,19,18,0
KY,21,Crittenden,city,"=""18568""",370,0,370,"885,927",114,"87,387",222,"295,495",3,12,15,359,"1,617,890",11,"9,899",324,0,192,161,205,0,197,146,0,71,43,55,66,48,36,35,34,29,23,0
KY,21,Crofton,city,"=""18658""",74,0,74,"164,303",19,"16,267",41,"50,518",0,0,0,71,"289,009",0,"1,966",62,0,34,31,41,0,44,23,0,20,7,12,16,11,7,5,5,6,5,0
KY,21,Cumberland,city,"=""19108""",170,0,170,"430,620",30,"21,959",102,"115,856",0,0,0,167,"642,761",0,"2,866",155,0,107,41,127,0,92,64,0,41,23,34,49,24,12,10,0,0,0,0
KY,21,Cynthiana,city,"=""19432""",617,0,617,"1,383,349",142,"117,346",342,"417,532",21,17,30,595,"2,428,406",22,"15,107",499,0,254,189,406,22,356,213,0,141,80,104,134,81,52,45,38,43,40,0
KY,21,Danville,city,"=""19882""","1,469",0,"1,469","3,473,538",327,"243,063",837,"1,012,451",52,40,68,"1,420","5,822,628",45,"43,272","1,240",0,563,548,900,20,806,545,0,299,171,254,305,178,135,122,113,70,54,0
KY,21,Dawson Springs,city,"=""20224""",224,0,224,"548,968",48,"34,591",133,"165,277",0,0,0,216,"914,809",0,"3,875",197,0,121,80,142,0,97,104,0,36,25,44,47,34,17,17,13,11,15,0
KY,21,Dayton,city,"=""20350""",684,0,684,"1,787,250",159,"118,277",435,"552,075",0,0,22,675,"3,011,115",0,"9,014",625,0,367,335,331,0,295,328,0,92,83,118,164,82,82,55,46,28,24,0
KY,21,Dexter,CDP,"=""21322""",26,0,26,"64,542",7,"5,470",15,"19,622",0,0,0,24,"108,832",0,734,22,0,10,10,16,0,15,9,0,8,0,1,6,4,0,0,0,0,0,0
KY,21,Diablock,CDP,"=""21358""",42,1,42,"100,783",8,"5,826",25,"28,482",1,1,1,41,"164,040",1,758,36,0,22,17,24,2,20,19,0,8,5,10,10,5,3,3,3,2,2,0
KY,21,Dixon,city,"=""21682""",40,0,40,"91,955",9,"7,607",21,"27,936",0,0,0,38,"165,538",0,957,32,0,16,14,26,0,17,20,0,10,6,0,9,6,0,0,0,0,0,0
KY,21,Doe Valley,CDP,"=""21844""",183,0,183,"424,004",48,"36,989",107,"128,145",8,8,12,176,"765,167",7,"4,491",158,0,58,67,112,4,120,53,0,38,14,32,37,24,16,19,16,13,12,0
KY,21,Douglass Hills,city,"=""22204""",253,2,253,"504,972",69,"57,016",123,"151,629",18,17,24,241,"884,880",12,"11,815",206,0,79,134,111,2,137,95,0,58,27,44,53,24,22,25,22,19,16,0
KY,21,Dover,city,"=""22222""",20,0,20,"50,059",2,"3,392",12,"16,196",0,0,0,19,"88,727",0,173,17,0,11,9,10,0,10,8,0,5,0,0,0,0,0,0,0,0,0,0
KY,21,Drakesboro,city,"=""22348""",58,0,58,"151,453",12,"7,848",35,"43,331",0,0,0,57,"235,852",0,"1,340",54,0,34,12,45,0,35,18,0,12,0,10,13,9,6,0,0,0,0,0
KY,21,Dry Ridge,city,"=""22582""",257,0,257,"641,080",72,"55,297",165,"225,094",7,8,11,251,"1,159,423",7,"5,789",231,0,139,102,152,0,142,98,0,47,31,41,42,34,29,22,22,21,15,0
KY,21,Dunmor,CDP,"=""23000""",30,0,30,"67,110",5,"6,173",17,"21,057",0,0,0,28,"119,412",1,"1,435",26,0,13,9,20,0,16,11,0,3,1,2,7,1,1,1,1,1,1,0
KY,21,Dwale,CDP,"=""23104""",42,0,42,"145,692",4,"3,037",31,"44,245",0,0,0,42,"220,208",0,55,39,0,27,2,26,0,3,2,0,1,0,0,1,0,0,0,0,0,0,0
KY,21,Earlington,city,"=""23230""",150,0,150,"405,671",31,"20,065",98,"124,573",0,0,0,149,"685,973",0,256,139,0,88,53,96,0,80,60,0,22,22,22,31,25,0,0,0,0,0,0
KY,21,East Bernstadt,CDP,"=""23284""",98,0,98,"267,780",20,"14,514",63,"84,343",0,0,3,96,"433,511",0,"1,319",85,0,54,30,68,0,51,38,0,22,9,16,22,14,11,9,7,4,5,0
KY,21,Eddyville,city,"=""23824""",129,0,129,"268,980",30,"22,473",63,"77,986",0,0,0,125,"479,960",0,"4,550",109,0,57,51,74,0,63,52,0,30,10,24,35,14,11,10,9,9,0,0
KY,21,Edgewood,city,"=""23932""",447,6,447,"947,420",136,"106,891",244,"301,842",32,25,39,432,"1,755,216",16,"12,719",384,1,160,255,183,9,227,178,0,81,48,64,89,51,45,48,41,33,27,0
KY,21,Edmonton,city,"=""23968""",216,0,216,"561,628",44,"33,819",132,"164,784",0,6,9,201,"892,878",15,"12,334",182,0,98,42,172,0,151,51,0,91,24,35,51,33,19,18,13,11,12,0
KY,21,Ekron,city,"=""24094""",9,0,9,"23,308",3,"2,116",6,"7,476",0,0,0,9,"41,384",0,477,8,0,4,4,6,0,6,3,0,2,1,2,2,1,1,1,1,0,1,0
KY,21,Elizabethtown,city,"=""24274""","2,599",28,"2,599","5,922,366",651,"490,012","1,494","1,839,326",139,112,141,"2,524","10,572,615",72,"71,685","2,328",0,"1,150","1,306","1,231",59,"1,175","1,143",0,400,247,450,547,328,259,233,180,152,148,0
KY,21,Elizaville,CDP,"=""24292""",26,0,26,"58,227",7,"6,049",14,"16,616",0,0,0,24,"101,538",0,"1,084",21,0,8,9,17,0,17,7,0,10,3,4,6,3,2,2,0,0,2,0
KY,21,Elk Creek,CDP,"=""24346""",66,0,66,"134,038",18,"15,869",34,"44,775",3,2,3,63,"253,207",2,"1,987",54,0,23,31,33,0,38,23,0,15,5,6,7,5,4,5,4,3,4,0
KY,21,Elkhorn City,city,"=""24382""",75,0,75,"176,350",12,"9,790",40,"48,033",0,0,0,74,"295,133",0,391,66,0,37,38,37,0,33,36,0,15,11,14,17,11,7,6,0,0,0,0
KY,21,Elkton,city,"=""24400""",192,0,192,"451,647",52,"41,608",115,"145,211",7,0,7,184,"802,391",7,"7,063",165,0,98,70,120,0,98,79,0,47,17,33,39,23,18,19,19,11,13,0
KY,21,Elsmere,city,"=""24778""",740,9,740,"1,760,930",224,"173,106",447,"575,062",44,31,46,724,"3,186,043",17,"16,928",657,5,322,418,304,18,360,315,0,104,63,123,142,90,84,73,69,50,44,0
KY,21,Eminence,city,"=""24904""",256,0,256,"653,834",69,"48,829",165,"210,480",0,0,0,250,"1,138,396",0,"5,779",226,0,137,99,153,0,116,117,0,47,24,42,55,25,35,27,20,16,0,0
KY,21,Emlyn,CDP,"=""24922""",101,1,101,"285,950",20,"14,811",65,"81,618",1,1,2,99,"446,125",1,814,92,0,57,17,76,0,26,50,0,15,5,9,14,8,5,4,4,3,2,0
KY,21,Erlanger,city,"=""25300""","1,768",21,"1,768","4,220,783",534,"410,982","1,069","1,379,868",108,73,111,"1,729","7,632,936",39,"37,691","1,571",14,774,"1,004",721,43,856,755,0,244,147,295,339,216,205,174,163,120,105,0
KY,21,Eubank,city,"=""25552""",33,0,33,"78,692",9,"6,894",19,"24,437",0,0,1,31,"134,651",2,"1,518",28,0,14,9,23,0,17,13,0,10,3,5,6,4,4,3,3,2,2,0
KY,21,Evarts,city,"=""25606""",78,0,78,"205,392",15,"10,095",47,"57,556",0,0,0,77,"313,319",0,593,67,0,41,16,58,0,58,17,0,17,8,14,19,14,7,5,4,5,0,0
KY,21,Ewing,city,"=""25786""",31,0,31,"69,451",9,"7,215",17,"19,819",0,0,0,29,"121,112",0,"1,293",25,0,10,11,20,0,20,9,0,12,4,5,7,4,3,2,0,0,3,0
KY,21,Ezel,CDP,"=""25876""",23,0,23,"55,790",4,"3,544",13,"18,312",0,0,0,22,"95,950",0,632,18,0,9,4,18,0,16,6,0,11,0,4,4,5,0,0,0,0,0,0
KY,21,Fairfield,city,"=""26020""",5,0,5,"10,992",2,"1,100",3,"3,555",0,0,0,5,"20,772",0,193,4,0,2,2,3,0,3,2,0,1,0,1,1,1,0,1,1,0,0,0
KY,21,Fairview,CDP,"=""26182""",22,0,22,"57,614",7,"5,715",17,"21,500",0,0,0,22,"105,686",0,374,20,0,11,10,11,0,13,9,0,6,0,3,5,3,0,0,3,0,0,0
KY,21,Falmouth,city,"=""26434""",218,0,218,"486,945",55,"46,619",121,"154,347",8,6,12,210,"875,995",8,"7,960",185,0,93,81,130,7,115,84,0,51,23,41,40,29,19,16,21,14,15,0
KY,21,Fancy Farm,CDP,"=""26452""",40,0,40,"90,523",10,"7,958",20,"25,182",0,0,0,38,"165,630",0,955,34,0,14,14,25,0,22,13,0,10,0,7,7,0,0,0,0,0,0,0
KY,21,Farley,CDP,"=""26528""",480,6,480,"1,169,316",107,"76,579",285,"336,478",24,11,20,469,"1,927,898",11,"8,768",426,0,238,226,227,27,241,195,0,77,55,88,111,70,48,36,29,23,20,0
KY,21,Farmers,CDP,"=""26560""",25,0,25,"58,364",6,"4,211",14,"17,830",1,1,1,24,"98,894",1,496,21,0,10,10,15,1,14,9,0,6,3,5,5,3,2,2,2,1,1,0
KY,21,Farmington,CDP,"=""26614""",10,0,10,"23,618",4,"2,895",6,"7,715",0,0,0,9,"42,103",0,"1,610",9,0,4,3,8,0,7,3,0,3,0,0,0,0,0,0,0,0,0,0
KY,21,Ferguson,city,"=""27010""",125,0,125,"320,488",25,"17,608",78,"99,606",0,0,0,125,"516,067",0,0,118,0,69,43,78,0,62,50,0,26,0,28,24,0,0,0,0,0,0,0
KY,21,Fincastle,city,"=""27262""",30,1,30,"57,742",8,"6,133",15,"17,961",2,2,3,28,"104,579",2,"1,537",24,0,11,15,13,1,17,9,0,8,3,5,6,3,3,3,3,2,2,0
KY,21,Flat Lick,CDP,"=""27730""",109,0,109,"329,160",24,"19,664",79,"99,586",0,0,0,107,"471,430",0,"1,205",94,0,65,30,77,0,68,35,0,44,9,17,32,16,10,9,0,0,0,0
KY,21,Flatwoods,city,"=""27802""",718,0,718,"1,653,730",150,"114,264",395,"486,310",0,32,25,694,"2,828,244",24,"13,521",632,0,345,353,331,33,317,329,0,125,79,135,156,99,64,70,54,24,35,0
KY,21,Fleming-Neon,city,"=""27846""",52,0,52,"151,553",11,"7,864",36,"44,627",0,0,0,51,"235,845",0,707,45,0,26,14,36,0,27,23,0,13,0,0,13,0,0,0,0,0,0,0
KY,21,Flemingsburg,city,"=""27856""",301,0,301,"744,474",71,"55,369",181,"226,811",0,0,18,290,"1,250,062",11,"10,301",258,0,121,119,181,0,177,105,0,95,32,53,60,43,29,25,20,20,19,0
KY,21,Florence,city,"=""27982""","2,523",33,"2,523","5,691,007",773,"612,743","1,472","1,843,847",131,112,154,"2,449","10,396,612",74,"88,725","2,183",0,987,"1,365","1,073",66,"1,283","1,017",0,412,255,405,490,289,231,255,236,171,146,0
KY,21,Fordsville,city,"=""28270""",44,0,44,"101,538",11,"9,606",26,"32,892",0,0,0,43,"191,197",0,"1,545",39,0,21,13,29,0,25,15,0,8,5,7,8,0,0,0,0,0,0,0
KY,21,Forest Hills,city,"=""28342""",24,0,24,"50,410",7,"5,091",13,"16,945",2,2,2,23,"91,667",1,952,20,0,9,12,12,0,14,9,0,5,2,4,5,3,2,3,2,2,1,0
KY,21,Fort Campbell North,CDP,"=""28486""","1,665",0,"1,665","5,145,914",641,"472,356","1,453","2,658,854",119,101,189,"1,665","11,131,235",0,0,"1,653",0,563,971,465,229,581,"1,025",0,133,54,190,100,117,251,273,248,205,214,14
KY,21,Fort Knox,CDP,"=""28540""",587,0,587,"1,599,574",240,"208,606",485,"844,479",62,53,66,587,"3,708,354",0,0,582,0,182,328,152,107,278,297,0,71,0,72,62,47,62,79,63,79,97,0
KY,21,Fort Mitchell,city,"=""28558""",477,7,477,"1,013,563",136,"105,748",258,"316,849",32,26,40,461,"1,834,635",16,"12,904",408,0,175,270,195,12,245,186,0,89,55,72,101,55,45,48,41,32,26,0
KY,21,Fort Thomas,city,"=""28594""",665,0,665,"1,386,053",187,"143,361",341,"417,911",42,51,70,643,"2,495,231",22,"11,276",554,0,238,373,282,0,368,237,0,148,77,108,135,67,62,63,73,40,38,0
KY,21,Fort Wright,city,"=""28612""",506,9,506,"1,221,550",84,"59,391",290,"356,304",13,14,23,496,"1,908,810",10,"6,220",439,0,250,269,206,31,260,186,0,91,69,114,138,63,40,28,28,15,10,0
KY,21,Foster,city,"=""28630""",4,0,4,"7,671",1,"1,013",2,"2,485",0,0,0,4,"15,037",0,136,3,0,1,2,2,0,2,1,0,1,0,1,1,0,0,0,0,0,0,0
KY,21,Fountain Run,city,"=""28666""",24,0,24,"56,625",6,"4,262",14,"18,738",0,0,0,23,"92,472",0,"1,527",20,0,10,6,18,0,15,7,0,9,0,4,5,4,0,0,0,0,0,0
KY,21,Fox Chase,city,"=""28785""",42,0,42,"97,994",12,"9,176",25,"29,809",3,1,2,41,"176,888",1,749,38,0,18,20,22,0,20,18,0,7,5,6,8,5,5,5,3,3,2,0
KY,21,Francisville,CDP,"=""28882""",413,0,413,"983,457",131,"103,503",264,"353,096",33,21,34,401,"1,810,463",0,"12,252",362,0,168,232,176,0,222,161,0,81,31,66,82,44,31,52,39,35,31,0
KY,21,Frankfort,city,"=""28900""","2,600",43,"2,600","5,964,757",627,"475,784","1,483","1,790,785",161,111,120,"2,545","10,312,030",54,"39,097","2,204",0,"1,262",934,"1,507",157,"1,398",973,0,486,321,469,518,322,240,214,197,151,108,0
KY,21,Franklin,city,"=""28918""",989,0,989,"2,348,544",262,"205,384",587,"738,435",34,24,41,957,"4,040,749",28,"30,905",878,0,531,340,629,0,523,382,0,183,105,165,181,120,94,80,82,50,58,0
KY,21,Fredonia,city,"=""29080""",41,0,41,"86,082",11,"9,328",24,"29,523",0,0,0,39,"164,950",0,"2,268",31,0,13,16,25,0,23,16,0,12,0,7,7,0,0,0,0,0,0,0
KY,21,Freeburn,CDP,"=""29134""",22,0,22,"60,552",4,"2,564",12,"14,306",0,0,0,22,"91,899",0,0,19,0,11,0,14,0,12,9,0,0,0,0,0,0,0,0,0,0,0,0
KY,21,Frenchburg,city,"=""29260""",70,0,70,"173,874",14,"11,546",42,"52,271",0,0,0,68,"279,362",0,"1,842",58,0,26,14,55,0,42,25,0,25,8,13,16,9,6,5,5,4,0,0
KY,21,Fulton,city,"=""29566""",249,0,249,"665,520",45,"29,400",156,"197,196",0,0,0,244,"1,068,606",0,"3,228",224,0,127,98,150,0,117,107,0,46,31,45,61,34,33,12,18,0,0,0
KY,21,Gamaliel,city,"=""29872""",45,0,45,"108,201",9,"6,373",26,"36,199",0,0,0,42,"179,749",0,"1,020",36,0,20,10,34,0,29,12,0,18,0,9,10,0,0,0,0,0,0,0
KY,21,Garrison,CDP,"=""30232""",57,0,57,"156,498",13,"10,403",37,"46,285",0,0,0,56,"250,944",0,864,50,0,30,22,33,0,33,20,0,17,5,7,17,9,5,0,0,0,0,0
KY,21,Georgetown,city,"=""30700""","2,392",24,"2,392","5,570,504",697,"547,122","1,411","1,713,554",134,87,143,"2,339","9,715,839",54,"44,132","2,090",0,"1,142",920,"1,443",29,"1,722",546,0,500,221,379,544,280,230,212,202,167,147,0
KY,21,Germantown,city,"=""30718""",15,0,15,"33,038",5,"3,314",8,"10,607",0,0,0,14,"59,808",0,179,12,0,7,6,8,0,7,6,0,4,0,0,0,0,0,0,0,0,0,0
KY,21,Ghent,city,"=""30808""",32,0,32,"80,784",9,"6,387",20,"27,615",0,0,0,31,"144,559",0,220,27,0,16,10,21,0,20,11,0,0,0,6,6,0,0,0,0,0,0,0
KY,21,Gilbertsville,CDP,"=""30880""",30,0,30,"65,668",7,"4,936",16,"19,263",0,0,0,29,"108,441",0,"1,074",25,0,13,14,15,0,15,11,0,6,4,6,7,2,1,1,1,1,1,0
KY,21,Glasgow,city,"=""31114""","1,603",20,"1,603","3,933,803",389,"290,889",950,"1,184,194",55,63,63,"1,546","6,582,374",52,"49,823","1,388",0,706,401,"1,132",52,"1,066",423,0,460,154,267,336,199,153,129,126,94,81,0
KY,21,Glencoe,city,"=""31204""",53,0,53,"131,163",14,"10,220",33,"45,581",0,0,0,52,"243,651",0,583,47,0,23,20,33,0,30,20,0,9,0,8,10,8,1,0,0,5,0,0
KY,21,Glenview,city,"=""31348""",16,0,16,"29,529",4,"3,040",7,"9,062",1,1,1,15,"53,057",1,654,12,0,5,9,6,1,9,6,0,4,2,3,3,2,1,1,1,1,1,0
KY,21,Glenview Hills,city,"=""31402""",13,0,13,"23,808",3,"2,451",6,"7,306",1,1,1,12,"42,777",1,527,10,0,4,7,5,0,7,4,0,3,2,2,3,1,1,1,1,1,1,0
KY,21,Goose Creek,city,"=""31870""",16,0,16,"32,312",4,"3,335",8,"9,976",2,1,1,15,"58,024",1,684,14,0,5,9,7,0,9,6,0,4,2,3,3,1,2,2,1,1,1,0
KY,21,Goshen,city,"=""31960""",25,0,25,"51,023",7,"6,044",14,"18,958",0,0,4,24,"94,753",0,283,21,0,6,16,9,0,15,8,0,7,0,4,4,0,0,0,0,0,0,0
KY,21,Gracey,CDP,"=""32032""",15,0,15,"34,653",2,"3,076",9,"11,929",0,0,0,14,"58,740",0,579,12,0,8,6,8,0,8,5,0,5,0,0,0,0,0,0,0,0,0,0
KY,21,Grand Rivers,city,"=""32212""",34,0,34,"77,011",5,"3,366",18,"24,416",0,0,0,32,"128,928",0,"1,430",28,0,15,14,20,0,18,13,0,8,0,8,7,6,0,0,0,0,0,0
KY,21,Graymoor-Devondale,city,"=""32523""",143,0,143,"263,284",33,"24,618",62,"80,890",11,7,11,133,"457,851",6,"4,874",90,0,33,66,43,4,63,40,0,26,16,18,24,12,9,10,11,8,6,0
KY,21,Grayson,city,"=""32572""",365,0,365,"870,409",79,"60,623",206,"247,017",0,11,12,352,"1,410,548",13,"10,756",318,0,115,95,259,11,259,86,0,90,38,78,75,47,32,29,25,21,21,0
KY,21,Greensburg,city,"=""32968""",226,0,226,"547,407",49,"38,717",128,"160,600",7,9,12,212,"918,497",13,"8,832",176,0,83,55,163,8,145,71,0,88,26,35,44,29,25,21,16,13,16,0
KY,21,Green Spring,city,"=""32986""",27,0,27,"52,007",7,"5,524",13,"16,177",2,2,2,25,"94,193",2,"1,384",22,0,9,14,12,1,15,9,0,7,3,5,5,3,2,3,3,2,1,0
KY,21,Greenup,city,"=""33004""",102,0,102,"246,778",23,"16,334",58,"74,562",0,3,3,99,"415,192",3,"2,449",88,0,47,39,59,4,53,41,0,24,12,17,22,14,10,8,8,6,5,0
KY,21,Greenville,city,"=""33022""",326,0,326,"747,618",79,"67,390",175,"205,282",9,0,14,314,"1,268,501",13,"12,049",278,0,166,78,241,0,172,125,0,73,38,60,62,46,27,29,25,17,21,0
KY,21,Guthrie,city,"=""33562""",152,0,152,"408,152",35,"27,130",98,"126,816",0,0,0,147,"681,643",0,"3,782",135,0,88,63,86,0,71,68,0,30,0,34,32,26,14,0,0,0,0,0
KY,21,Hanson,city,"=""34390""",35,0,35,"78,099",10,"7,466",19,"26,328",0,0,0,33,"147,313",0,"1,119",31,0,11,12,23,0,20,12,0,8,0,6,5,0,0,0,0,0,0,0
KY,21,Hardin,city,"=""34534""",66,0,66,"161,379",13,"9,691",39,"48,933",0,0,0,63,"260,639",0,"2,685",56,0,33,24,42,0,33,27,0,14,8,11,16,10,6,5,0,0,0,0
KY,21,Hardinsburg,city,"=""34552""",276,0,276,"658,762",64,"49,058",152,"195,232",0,0,0,266,"1,137,383",0,"10,206",233,0,115,95,169,13,173,83,0,82,29,44,60,43,26,19,16,18,21,0
KY,21,Hardyville,CDP,"=""34660""",16,0,16,"37,961",4,"3,741",10,"12,419",0,0,0,15,"67,730",0,929,13,0,5,3,13,0,13,2,0,7,2,2,4,2,2,2,0,0,0,0
KY,21,Harlan,city,"=""34732""",139,0,139,"357,909",25,"15,554",83,"98,560",0,0,0,137,"534,766",0,"1,368",121,0,75,28,108,0,100,32,0,36,15,34,32,19,12,10,7,6,0,0
KY,21,Harrodsburg,city,"=""34966""",765,0,765,"1,727,500",209,"163,012",435,"529,110",30,28,38,728,"3,045,325",37,"28,511",636,0,311,242,516,0,403,301,0,191,90,128,145,89,84,66,61,51,49,0
KY,21,Hartford,city,"=""35020""",238,0,238,"562,804",59,"41,989",134,"173,597",0,0,0,231,"968,041",0,"4,038",206,0,110,77,147,14,129,89,0,42,27,37,46,30,27,25,19,11,15,0
KY,21,Hawesville,city,"=""35200""",70,0,70,"152,745",23,"18,808",40,"48,580",0,0,0,67,"292,063",0,"3,153",59,0,28,21,44,0,35,29,0,15,8,10,14,7,7,7,6,5,7,0
KY,21,Hazard,city,"=""35362""",686,8,686,"1,611,464",142,"104,232",393,"441,966",9,11,11,675,"2,675,140",8,"8,684",576,0,345,253,400,17,325,299,0,119,76,154,160,81,67,49,25,19,16,0
KY,21,Hazel,city,"=""35380""",39,0,39,"84,565",8,"5,749",21,"25,082",0,0,0,37,"140,306",0,"3,510",34,0,16,18,21,0,24,12,0,13,0,8,6,6,0,0,0,0,0,0
KY,21,Hazel Green,CDP,"=""35398""",28,0,28,"64,027",6,"5,662",15,"20,784",0,0,0,27,"116,570",0,49,23,0,12,0,23,0,18,7,0,9,0,5,5,0,0,0,0,0,0,0
KY,21,Hebron,CDP,"=""35542""",316,0,316,"749,550",100,"78,948",200,"267,504",25,16,26,307,"1,382,924",1,"9,300",277,0,127,178,135,1,169,123,0,61,24,50,63,34,25,38,30,27,24,0
KY,21,Hebron Estates,city,"=""35545""",110,1,110,"255,013",32,"23,878",65,"77,574",7,4,5,107,"460,323",3,"1,949",98,0,48,52,58,1,53,47,0,18,12,17,21,13,13,13,9,8,5,0
KY,21,Henderson,city,"=""35866""","2,850",40,"2,850","6,684,423",725,"544,480","1,653","2,012,921",101,80,100,"2,795","11,836,745",53,"55,928","2,541",0,"1,327","1,143","1,537",141,"1,238","1,310",0,370,332,498,608,366,283,241,199,154,135,0
KY,21,Hendron,CDP,"=""35902""",515,6,515,"1,253,009",115,"82,060",305,"360,561",25,12,21,503,"2,065,887",12,"9,396",457,0,255,242,243,29,259,209,0,82,59,95,119,76,51,39,31,25,21,0
KY,21,Heritage Creek,city,"=""36102""",114,2,114,"264,438",35,"27,852",68,"83,721",7,6,7,111,"485,473",3,"2,118",101,0,48,57,54,2,57,47,0,18,11,17,20,13,13,14,11,9,6,0
KY,21,Hickman,city,"=""36298""",266,0,266,"735,148",72,"43,882",177,"208,570",0,0,0,261,"1,153,101",0,"5,613",235,0,156,114,151,0,120,125,0,47,28,49,61,43,29,24,0,0,0,0
KY,21,High Bridge,CDP,"=""36460""",26,0,26,"58,399",5,"3,856",15,"20,715",0,2,3,25,"93,801",1,"1,222",22,0,8,12,13,0,16,8,0,9,3,4,5,3,3,2,2,1,2,0
KY,21,Highland Heights,city,"=""36604""",299,0,299,"613,826",84,"66,262",148,"191,282",16,19,26,289,"1,163,163",10,"8,573",257,0,102,161,130,8,156,117,0,48,32,50,60,31,29,31,26,24,16,0
KY,21,Hillview,city,"=""36982""",793,11,793,"1,841,556",246,"193,965",472,"583,034",52,38,46,774,"3,380,845",19,"14,749",704,0,334,399,379,15,398,330,0,127,75,120,139,92,89,94,75,63,44,0
KY,21,Hindman,city,"=""37108""",86,0,86,"215,337",18,"13,634",50,"63,278",0,0,0,83,"346,899",0,"1,446",71,0,34,23,62,0,52,30,0,22,9,15,20,12,11,0,0,7,0,0
KY,21,Hiseville,CDP,"=""37234""",24,0,24,"57,502",6,"4,082",14,"16,903",0,0,0,23,"96,112",1,516,20,0,11,5,18,0,16,6,0,7,3,5,5,3,2,2,2,1,1,0
KY,21,Hodgenville,city,"=""37396""",319,0,319,"773,163",76,"54,648",187,"233,446",11,10,12,308,"1,320,494",11,"6,633",280,0,148,114,202,0,152,133,0,84,33,58,71,42,33,22,22,18,19,0
KY,21,Hollow Creek,city,"=""37576""",58,1,58,"133,048",17,"13,111",34,"44,701",5,4,4,55,"241,135",2,"2,150",49,0,20,28,28,2,32,21,0,12,5,8,11,7,6,6,5,5,4,0
KY,21,Hollyvilla,city,"=""37630""",61,1,61,"153,388",17,"12,320",39,"48,119",3,2,3,60,"261,027",2,"1,403",54,0,29,26,34,1,29,27,0,11,6,10,14,8,6,7,5,3,3,0
KY,21,Hopkinsville,city,"=""37918""","3,740",40,"3,740","9,574,225",893,"685,647","2,361","2,976,899",208,113,148,"3,671","16,630,267",66,"52,251","3,417",0,"2,099","1,734","1,872",130,"2,044","1,406",0,480,343,659,754,551,402,317,243,216,164,0
KY,21,Horse Cave,city,"=""38008""",242,0,242,"584,571",61,"45,878",143,"181,811",0,0,12,232,"996,519",10,"5,152",200,0,100,62,179,0,171,58,0,74,31,40,51,24,31,22,18,10,16,0
KY,21,Houston Acres,city,"=""38170""",38,1,38,"80,548",10,"7,535",20,"25,126",3,2,3,37,"141,540",1,"1,275",32,0,13,19,17,1,21,13,0,8,4,7,8,4,3,4,3,2,2,0
KY,21,Hunters Hollow,city,"=""38670""",36,0,36,"83,707",11,"8,817",21,"26,502",2,2,2,35,"153,675",1,670,32,0,15,18,17,1,18,15,0,6,3,5,6,4,4,4,3,3,2,0
KY,21,Hurstbourne,city,"=""38814""",183,0,183,"345,302",46,"35,547",85,"105,967",17,12,17,173,"620,436",10,"7,644",146,0,54,106,70,7,101,65,0,42,25,30,38,20,15,16,17,12,9,0
KY,21,Hurstbourne Acres,city,"=""38818""",167,5,167,"351,870",44,"32,917",89,"109,759",13,9,14,160,"618,306",7,"5,571",141,0,55,84,76,6,91,58,0,37,18,30,34,19,15,16,15,11,8,0
KY,21,Hustonville,city,"=""38836""",51,0,51,"117,953",13,"10,109",30,"35,677",0,0,0,49,"199,305",0,"1,127",41,0,19,12,39,0,31,17,0,16,4,11,12,7,4,4,4,3,3,0
KY,21,Hyden,city,"=""38908""",37,0,37,"99,258",9,"7,104",24,"26,693",0,0,2,37,"156,860",0,560,32,0,20,12,24,0,22,15,0,10,3,6,9,6,4,3,3,0,2,0
KY,21,Independence,city,"=""39142""","1,674",3,"1,674","3,772,368",582,"462,815","1,016","1,282,753",115,93,142,"1,635","7,223,009",38,"42,273","1,488",1,648,980,662,32,872,674,0,295,135,259,297,184,166,163,182,136,146,0
KY,21,Indian Hills,city,"=""39304""",100,2,100,"175,795",22,"16,033",44,"54,561",7,7,11,95,"316,498",5,"4,221",79,0,30,56,41,3,54,35,0,24,16,22,19,10,7,9,7,5,5,0
KY,21,Inez,city,"=""39430""",94,0,94,"249,094",16,"12,988",59,"74,630",0,0,0,92,"387,237",0,"1,587",80,0,46,40,53,0,41,44,0,22,11,17,24,13,7,4,6,0,6,0
KY,21,Irvine,city,"=""39646""",309,0,309,"799,697",65,"46,700",189,"230,737",5,5,9,299,"1,255,597",11,"6,238",264,0,178,71,234,0,223,71,0,95,33,62,68,42,31,23,21,16,11,0
KY,21,Irvington,city,"=""39664""",138,0,138,"333,375",38,"29,151",82,"104,158",0,0,0,132,"601,317",0,"5,133",118,0,57,48,85,0,88,42,0,26,15,23,23,20,12,12,12,12,9,0
KY,21,Island,city,"=""39700""",44,0,44,"113,540",11,"7,599",26,"35,803",0,0,0,43,"185,778",0,"1,935",40,0,22,13,29,0,22,18,0,11,0,7,11,0,0,0,0,0,0,0
KY,21,Jackson,city,"=""39952""",257,0,257,"680,289",56,"41,084",161,"192,306",0,0,8,254,"1,103,869",0,"1,426",225,0,127,89,165,0,100,138,0,49,21,44,58,40,27,22,18,13,13,0
KY,21,Jamestown,city,"=""40114""",181,0,181,"465,047",34,"25,040",106,"135,622",0,0,7,174,"742,177",0,"4,489",160,0,76,49,130,0,101,67,0,61,18,29,46,27,17,12,14,10,7,0
KY,21,Jeff,CDP,"=""40204""",29,0,29,"61,458",5,"4,085",14,"14,936",0,0,0,28,"99,720",0,742,25,0,3,3,16,0,3,14,0,1,1,1,2,1,1,1,0,0,0,0
KY,21,Jeffersontown,city,"=""40222""","1,517",24,"1,517","3,159,990",407,"310,092",818,"1,034,484",126,97,140,"1,453","5,677,850",64,"56,185","1,272",0,528,766,717,34,847,534,0,342,160,256,311,165,137,153,142,110,78,0
KY,21,Jeffersonville,city,"=""40240""",175,0,175,"445,425",41,"34,630",111,"139,302",0,0,0,168,"727,300",7,"4,950",149,0,76,46,128,0,99,63,0,56,18,30,42,21,14,12,14,9,13,0
KY,21,Jenkins,city,"=""40312""",168,0,168,"454,869",29,"19,026",105,"135,525",0,0,0,164,"713,308",0,"4,253",144,0,77,83,85,0,72,85,0,43,20,29,43,23,14,10,12,8,8,0
KY,21,Junction City,city,"=""41338""",230,0,230,"545,392",48,"32,220",132,"161,261",3,2,4,220,"916,728",3,"6,824",193,0,91,78,151,1,133,81,0,51,25,42,54,26,28,7,6,4,3,0
KY,21,Kenvir,CDP,"=""42112""",31,0,31,"81,869",6,"4,024",19,"22,942",0,0,0,31,"124,889",0,236,27,0,16,7,23,0,23,7,0,7,3,6,8,6,3,2,1,2,0,0
KY,21,Kevil,city,"=""42292""",35,0,35,"81,931",11,"8,279",19,"23,874",0,0,0,34,"152,450",0,210,31,0,13,15,19,0,19,13,0,6,4,4,7,5,4,3,4,3,2,0
KY,21,Kingsley,city,"=""42598""",13,0,13,"16,953",2,"1,632",4,"4,690",1,1,1,12,"31,713",1,644,10,0,3,8,5,0,7,4,0,4,2,4,3,1,1,1,1,0,1,0
KY,21,Kuttawa,city,"=""43264""",38,0,38,"89,555",7,"5,662",21,"25,796",0,0,0,36,"156,945",0,903,33,0,19,14,23,0,15,19,0,6,5,7,9,4,4,0,0,0,0,0
KY,21,La Center,city,"=""43336""",88,0,88,"228,719",18,"10,357",54,"64,866",0,0,0,85,"385,096",0,"1,149",76,0,37,34,52,0,45,37,0,13,0,16,20,13,13,0,0,0,0,0
KY,21,LaFayette,city,"=""43444""",16,0,16,"36,880",5,"3,605",5,"13,156",0,0,0,15,"80,902",0,483,13,0,0,0,0,0,0,0,0,0,0,0,0,0,0,0,0,0,0,0
KY,21,La Grange,city,"=""43480""",515,0,515,"1,143,395",162,"125,631",294,"358,159",39,21,36,500,"2,068,278",14,"14,448",437,0,206,232,261,22,287,190,0,105,51,81,92,57,60,52,49,34,38,0
KY,21,Lakeside Park,city,"=""43606""",152,2,152,"315,270",46,"36,533",81,"99,924",11,9,14,146,"586,836",6,"4,513",130,0,52,87,62,3,78,60,0,29,17,21,30,17,15,17,14,11,9,0
KY,21,Lancaster,city,"=""43840""",320,0,320,"803,298",81,"60,206",195,"255,922",9,9,13,306,"1,315,009",15,"12,070",272,0,130,92,225,0,209,93,0,100,33,54,67,37,33,31,24,20,20,0
KY,21,Langdon Place,city,"=""43900""",33,0,33,"68,025",9,"7,022",18,"21,002",3,3,2,32,"122,155",1,"1,439",28,0,12,19,14,0,18,12,0,8,4,6,7,3,4,3,3,2,2,0
KY,21,Lawrenceburg,city,"=""44146""",998,11,998,"2,288,332",294,"215,051",581,"733,393",50,42,62,969,"4,183,137",29,"20,395",865,0,442,317,667,14,591,336,0,216,95,149,191,135,98,98,91,73,62,0
KY,21,Lebanon,city,"=""44344""",622,11,622,"1,525,010",181,"137,511",371,"461,960",19,25,30,605,"2,741,063",18,"13,408",543,0,270,193,419,11,354,226,0,119,57,106,108,87,66,66,60,37,32,0
KY,21,Lebanon Junction,city,"=""44362""",180,0,180,"401,998",56,"46,003",107,"126,835",0,0,0,176,"747,906",0,"2,126",161,0,82,78,101,0,92,71,0,27,21,32,33,18,22,16,13,11,13,0
KY,21,Ledbetter,CDP,"=""44434""",166,0,166,"393,585",41,"34,712",101,"120,206",0,0,0,162,"707,233",0,"5,420",151,0,78,81,75,0,81,72,0,26,0,25,44,22,18,16,0,0,0,0
KY,21,Leitchfield,city,"=""44686""",679,0,679,"1,710,343",163,"119,277",415,"554,601",15,19,25,649,"2,974,302",25,"20,680",580,0,264,219,443,0,406,212,0,179,63,97,125,97,62,63,47,34,38,0
KY,21,Lewisburg,city,"=""45064""",67,0,67,"142,432",17,"15,129",37,"42,364",0,0,0,63,"248,400",4,"4,527",55,0,29,24,40,0,38,22,0,20,8,14,13,9,4,4,5,4,5,0
KY,21,Lewisport,city,"=""45136""",127,0,127,"314,835",35,"28,849",79,"97,864",0,0,0,124,"564,528",0,"3,139",109,0,47,46,73,0,65,54,0,18,12,19,24,20,13,0,12,11,0,0
KY,21,Lexington-Fayette urban county,city and county,"=""46027""","23,790",596,"23,790","52,061,544","5,352","3,971,919","12,762","15,910,448","1,374","1,039","1,581","23,003","88,115,779",765,"663,530","20,085",0,"8,770","10,656","12,066",956,"12,664","8,676",0,"4,531","3,176","4,483","5,171","2,756","2,229","1,899","1,673","1,234",897,0
KY,21,Liberty,city,"=""46072""",239,0,239,"585,635",47,"35,003",137,"174,088",0,5,8,224,"925,009",15,"11,701",192,0,91,47,184,7,147,73,0,83,24,48,53,36,24,18,15,9,11,0
KY,21,Livermore,city,"=""47062""",143,0,143,"341,928",31,"21,097",82,"97,851",0,0,0,138,"570,462",0,"2,515",120,0,69,37,86,20,76,57,0,24,18,24,28,17,0,16,16,0,0,0
KY,21,Livingston,city,"=""47098""",23,0,23,"53,099",6,"4,760",13,"15,618",1,1,1,22,"91,950",1,601,20,0,10,8,15,0,15,7,0,6,3,4,4,3,2,2,2,1,2,0
KY,21,London,city,"=""47476""","1,036",10,"1,036","2,510,872",265,"204,508",614,"753,304",16,23,34,"1,005","4,237,136",25,"29,370",900,0,534,323,704,0,559,390,0,248,91,175,227,116,84,77,66,51,48,0
KY,21,Loretto,city,"=""47710""",80,0,80,"191,982",26,"19,920",46,"65,752",0,0,0,77,"373,634",0,"1,827",67,0,29,23,57,0,46,28,0,18,8,12,14,11,8,8,7,0,6,0
KY,21,Louisa,city,"=""47854""",281,0,281,"722,008",63,"44,334",173,"221,924",0,6,8,274,"1,189,215",6,"5,988",245,0,144,115,160,6,125,130,0,61,29,47,67,38,27,23,18,16,15,0
KY,21,Louisville/Jefferson County metro government (bala,unknown,"=""48006""","64,476","1,764","64,476","151,755,529","15,783","11,520,593","37,505","45,862,259","3,621","2,770","3,063","62,729","258,168,754","1,700","1,462,755","56,328",0,"29,621","28,086","32,573","3,700","34,779","24,093",0,"11,167","7,341","11,736","13,799","7,954","6,642","6,128","4,917","3,408","2,157",0
KY,21,Lovelaceville,CDP,"=""48072""",12,0,12,"26,217",4,"3,060",7,"7,729",0,0,0,11,"48,836",0,265,10,0,4,4,7,0,7,4,0,3,1,2,1,1,1,0,1,0,0,0
KY,21,Lowes,CDP,"=""48234""",7,0,7,"18,375",3,"1,585",5,"5,479",0,0,0,7,"30,813",0,332,6,0,2,3,5,0,5,2,0,3,0,0,0,0,0,0,0,0,0,0
KY,21,Loyall,city,"=""48288""",294,0,294,"800,468",58,"42,309",187,"224,807",0,0,0,289,"1,216,849",0,"4,495",250,0,159,65,224,0,220,62,0,89,14,64,67,37,11,7,5,4,0,0
KY,21,Ludlow,city,"=""48378""",477,0,477,"1,093,888",122,"91,655",272,"351,167",20,0,17,461,"1,883,659",16,"14,191",411,0,226,220,237,20,229,203,0,77,59,93,99,48,42,52,38,20,26,0
KY,21,Lynch,city,"=""48540""",107,0,107,"264,334",18,"16,992",64,"73,287",0,0,0,105,"422,950",0,"1,005",91,0,57,33,73,0,54,42,0,13,7,11,15,8,4,3,0,0,0,0
KY,21,Lyndon,city,"=""48558""",611,2,611,"1,202,598",157,"121,766",304,"370,644",58,45,51,584,"2,153,124",28,"25,256",505,0,197,347,245,12,337,218,0,140,74,104,126,62,58,57,55,39,35,0
KY,21,Lynnview,city,"=""48648""",116,4,116,"263,745",30,"21,332",66,"81,665",7,5,5,113,"459,477",3,"2,509",101,0,51,51,60,5,62,43,0,20,12,21,26,14,11,11,10,7,3,0
KY,21,McCarr,CDP,"=""48810""",18,0,18,"48,330",2,"2,646",12,"14,357",0,0,0,17,"72,008",0,62,15,0,9,8,9,0,10,7,0,0,0,0,5,0,0,0,0,0,0,0
KY,21,Maceo,CDP,"=""49026""",35,0,35,"76,205",11,"9,457",18,"23,599",0,0,0,35,"146,675",0,693,31,0,12,16,17,0,19,12,0,5,0,5,6,6,0,0,0,0,0,0
KY,21,McHenry,city,"=""49098""",49,0,49,"114,042",11,"9,437",14,"31,502",0,0,0,49,"197,916",0,105,44,0,29,3,37,0,32,3,0,1,1,1,2,1,1,1,1,1,1,0
KY,21,McKee,city,"=""49116""",86,0,86,"213,540",19,"14,367",54,"64,792",0,0,3,84,"348,670",3,"1,732",68,0,31,21,64,0,67,16,0,29,9,18,19,12,7,7,6,4,6,0
KY,21,Mackville,city,"=""49206""",18,0,18,"52,017",2,"3,230",11,"17,508",0,0,0,17,"82,232",0,200,15,0,7,7,11,0,10,6,0,0,0,0,0,0,0,0,0,0,0,0
KY,21,McRoberts,CDP,"=""49278""",75,0,75,"187,706",12,"11,420",45,"56,431",0,0,0,75,"306,325",0,88,67,0,35,27,48,0,29,41,0,4,0,0,4,0,0,0,0,0,0,0
KY,21,Madisonville,city,"=""49368""","1,793",15,"1,793","4,218,437",411,"307,900","1,012","1,231,882",47,54,67,"1,747","7,250,242",46,"34,370","1,574",25,879,649,"1,122",21,942,678,0,269,202,347,392,222,171,145,128,101,84,0
KY,21,Magnolia,CDP,"=""49476""",47,0,47,"127,758",8,"5,736",28,"40,128",0,0,0,45,"208,121",0,"1,645",38,0,18,14,32,0,27,17,0,17,6,6,11,6,6,5,0,0,0,0
KY,21,Manchester,city,"=""49656""",202,4,202,"560,586",45,"33,167",133,"162,738",2,5,7,198,"873,604",4,"2,075",180,0,114,52,149,0,126,65,0,61,14,37,50,31,19,16,15,11,9,0
KY,21,Manitou,CDP,"=""49746""",10,0,10,"20,333",3,"2,556",4,"5,084",0,0,0,9,"39,132",0,202,9,0,4,4,6,0,5,4,0,0,0,0,0,0,0,0,0,0,0,0
KY,21,Marion,city,"=""50034""",249,0,249,"601,017",59,"45,357",140,"175,786",0,0,9,236,"1,040,233",12,"4,607",207,0,105,60,185,0,121,108,0,57,32,47,46,29,30,21,16,13,14,0
KY,21,Marrowbone,CDP,"=""50124""",22,0,22,"53,851",5,"3,396",13,"15,634",1,0,1,20,"88,891",1,941,17,0,8,5,17,0,12,8,0,7,2,4,4,3,2,2,1,1,1,0
KY,21,Martin,city,"=""50286""",103,0,103,"278,064",17,"13,450",66,"74,643",0,0,0,101,"416,569",0,"2,030",88,0,55,28,73,0,54,42,0,24,9,20,26,14,7,7,0,0,0,0
KY,21,Masonville,CDP,"=""50520""",83,0,83,"195,116",25,"18,905",49,"66,525",5,0,5,81,"349,930",0,"1,321",74,0,35,34,44,4,42,32,0,15,8,10,18,9,10,8,7,5,8,0
KY,21,Massac,CDP,"=""50556""",378,4,378,"877,134",77,"53,234",216,"257,257",18,11,19,368,"1,458,426",9,"7,683",333,0,174,193,166,19,178,158,0,57,45,77,87,49,39,28,20,15,15,0
KY,21,Mayfield,city,"=""50898""","1,060",15,"1,060","2,713,712",234,"169,696",651,"823,073",29,23,39,"1,025","4,427,790",34,"21,331",921,0,465,364,686,10,600,388,0,232,121,192,225,149,108,93,66,48,55,0
KY,21,Mayking,CDP,"=""50952""",42,0,42,"108,733",8,"6,291",25,"29,539",0,0,1,41,"168,618",0,249,35,0,18,11,31,0,23,16,0,12,4,7,12,5,2,2,2,2,1,0
KY,21,Mays Lick,CDP,"=""51006""",19,0,19,"44,016",4,"3,730",11,"14,395",0,0,0,17,"82,356",0,"1,159",14,0,8,8,11,0,11,6,0,6,0,5,0,0,0,0,0,0,0,0
KY,21,Maysville,city,"=""51024""",979,19,979,"2,382,897",218,"153,698",570,"673,675",28,36,49,948,"3,991,374",30,"23,991",837,0,411,496,467,16,471,413,0,206,107,181,230,139,99,76,62,42,40,0
KY,21,Maytown,CDP,"=""51060""",21,0,21,"66,777",4,"2,871",15,"17,832",0,0,0,21,"94,951",0,50,19,0,13,6,15,0,11,9,0,5,0,0,6,4,0,0,0,0,0,0
KY,21,Meadow Vale,city,"=""51258""",37,0,37,"74,544",10,"7,694",20,"23,015",4,3,3,35,"133,862",1,"1,577",31,0,13,21,15,0,20,13,0,8,4,6,7,3,4,4,3,2,2,0
KY,21,Meadowview Estates,city,"=""51294""",34,1,34,"71,363",9,"6,676",18,"22,260",3,2,3,32,"125,399",1,"1,130",29,0,11,17,15,1,19,12,0,7,4,6,7,4,3,3,3,2,2,0
KY,21,Melbourne,city,"=""51438""",20,0,20,"43,351",6,"4,440",11,"13,193",0,0,0,19,"79,040",0,475,16,0,7,9,11,0,11,7,0,4,0,3,4,3,0,0,0,0,0,0
KY,21,Mentor,city,"=""51564""",11,0,11,"25,039",3,"2,769",6,"8,053",0,0,0,11,"46,432",0,72,9,0,4,5,6,0,6,4,0,3,1,2,2,1,0,0,0,0,0,0
KY,21,Middlesborough,city,"=""51924""","1,369",18,"1,369","3,615,183",247,"178,803",861,"995,845",0,29,44,"1,343","5,518,098",26,"14,761","1,210",0,842,338,"1,018",0,800,475,0,372,145,304,359,167,114,106,70,48,56,0
KY,21,Middletown,city,"=""51978""",377,2,377,"756,297",106,"87,124",187,"228,785",26,26,36,359,"1,330,570",18,"18,062",307,0,118,198,169,2,206,143,0,87,40,64,79,35,33,39,34,28,24,0
KY,21,Midway,city,"=""52140""",122,0,122,"265,565",26,"23,151",68,"78,584",0,0,0,116,"451,844",0,"4,089",101,0,51,45,74,0,72,38,0,31,16,23,29,0,0,0,0,0,0,0
KY,21,Millersburg,city,"=""52302""",139,0,139,"354,850",25,"22,863",92,"110,483",2,2,3,137,"602,734",2,"1,711",123,0,74,23,94,3,75,55,0,41,8,12,16,8,6,6,5,4,3,0
KY,21,Millstone,CDP,"=""52464""",3,0,3,"9,065",1,336,2,"2,753",0,0,0,3,"14,700",0,154,3,0,2,0,2,0,1,2,0,0,0,0,0,0,0,0,0,0,0,0
KY,21,Milton,city,"=""52590""",50,0,50,"118,762",11,"8,993",29,"37,882",0,0,0,49,"211,452",0,974,42,0,22,16,34,0,30,17,0,13,6,7,9,8,6,0,4,0,0,0
KY,21,Monterey,city,"=""53076""",12,0,12,"31,597",3,"2,464",8,"9,873",0,0,0,12,"53,469",0,178,11,0,5,3,9,0,9,3,0,3,1,2,2,2,1,1,1,1,1,0
KY,21,Monticello,city,"=""53130""",804,11,804,"2,040,022",189,"129,222",489,"623,984",18,18,29,771,"3,436,578",33,"26,033",685,0,355,191,609,0,388,355,0,192,84,135,169,114,89,76,51,46,38,0
KY,21,Moorland,city,"=""53328""",20,0,20,"39,887",5,"3,549",10,"12,379",2,1,2,19,"69,858",1,675,17,0,7,11,8,1,11,7,0,5,2,4,5,2,2,2,2,1,1,0
KY,21,Morehead,city,"=""53418""",497,0,497,"1,166,732",113,"84,186",284,"356,427",16,18,27,481,"1,976,968",16,"9,918",429,0,207,191,295,11,273,183,0,112,58,90,103,68,47,40,32,28,29,0
KY,21,Morganfield,city,"=""53472""",288,0,288,"657,996",76,"60,622",162,"190,801",0,0,12,280,"1,233,061",0,"3,184",244,0,133,90,189,0,127,138,0,39,29,50,55,37,33,26,21,18,18,0
KY,21,Morgantown,city,"=""53490""",237,0,237,"566,645",62,"48,639",141,"181,278",6,5,8,227,"978,689",10,"7,789",196,0,111,56,177,0,123,99,0,60,25,40,45,31,26,23,16,14,16,0
KY,21,Mortons Gap,city,"=""53616""",169,1,169,"371,016",48,"37,619",95,"102,971",2,2,3,164,"664,171",2,"4,674",151,1,86,61,106,1,79,71,0,12,9,15,17,10,7,6,6,4,4,0
KY,21,Mount Olivet,city,"=""53976""",25,0,25,"60,415",5,"3,840",16,"18,911",0,0,0,24,"100,368",0,666,21,0,12,8,17,0,17,6,0,9,0,5,4,4,0,0,0,0,0,0
KY,21,Mount Sterling,city,"=""54084""",767,13,767,"1,915,914",190,"146,923",478,"593,387",24,26,32,746,"3,211,035",22,"14,206",679,0,395,231,530,0,372,335,0,183,78,132,169,101,73,64,64,43,41,0
KY,21,Mount Vernon,city,"=""54174""",229,0,229,"530,470",60,"47,555",131,"156,023",5,6,6,220,"918,596",9,"6,003",197,0,98,77,150,0,146,69,0,61,28,42,43,29,20,20,15,14,18,0
KY,21,Mount Washington,city,"=""54228""",616,0,616,"1,298,237",205,"166,632",344,"413,614",53,28,48,594,"2,496,044",22,"20,903",529,0,212,313,295,0,358,213,0,124,54,82,118,75,53,70,58,55,51,0
KY,21,Muldraugh,city,"=""54480""",139,0,139,"329,277",25,"18,511",80,"105,151",0,0,0,133,"570,252",0,"7,097",120,0,67,57,59,23,83,45,0,26,0,24,34,0,0,0,0,0,0,0
KY,21,Munfordville,city,"=""54570""",189,0,189,"465,515",43,"32,508",113,"149,907",0,0,7,178,"787,889",11,"5,691",155,0,69,47,138,0,127,49,0,64,17,32,37,30,20,17,13,8,13,0
KY,21,Murray,city,"=""54642""","1,362",18,"1,362","2,953,792",271,"201,090",729,"875,430",58,56,89,"1,304","4,970,546",58,"51,354","1,172",0,598,612,732,19,712,501,0,296,162,253,331,170,117,110,78,67,71,0
KY,21,Murray Hill,city,"=""54660""",33,0,33,"66,014",9,"6,939",17,"20,479",3,3,3,32,"119,191",2,"1,626",28,0,12,18,15,1,19,11,0,8,4,6,6,3,3,3,3,2,2,0
KY,21,Nebo,city,"=""55092""",16,0,16,"36,114",4,"3,438",8,"10,676",0,0,0,15,"66,336",0,207,14,0,6,5,10,0,10,5,0,5,0,0,0,0,0,0,0,0,0,0
KY,21,New Castle,city,"=""55596""",79,0,79,"168,936",18,"12,503",44,"52,420",0,0,0,74,"296,750",0,"4,181",62,0,35,27,53,0,35,36,0,18,11,13,19,11,0,0,0,0,0,0
KY,21,New Haven,city,"=""55758""",90,0,90,"203,405",23,"17,655",48,"61,905",0,0,0,87,"363,878",0,"3,015",73,0,40,27,63,0,48,34,0,21,10,16,17,11,8,12,7,0,5,0
KY,21,New Hope,CDP,"=""55794""",11,0,11,"22,433",2,"2,697",5,"6,316",0,0,0,10,"41,239",0,284,9,0,0,0,7,0,5,4,0,0,0,0,0,0,0,0,0,0,0,0
KY,21,Newport,city,"=""55884""","1,505",31,"1,505","3,626,727",290,"214,235",881,"1,077,053",52,46,67,"1,476","5,945,021",29,"20,331","1,308",63,691,760,678,66,674,678,0,263,189,315,371,194,131,101,87,71,45,0
KY,21,Nicholasville,city,"=""56136""","2,795",32,"2,795","6,922,294",705,"506,366","1,706","2,220,228",128,107,151,"2,692","11,383,209",100,"89,914","2,418",0,"1,351","1,050","1,692",37,"1,620",948,0,681,275,472,558,373,280,253,209,169,154,0
KY,21,Norbourne Estates,city,"=""56550""",15,0,15,"26,535",3,"2,420",7,"8,236",1,1,2,14,"47,773",1,637,12,0,5,9,6,0,8,5,0,4,2,3,3,2,1,1,1,1,1,0
KY,21,North Corbin,CDP,"=""56694""",189,2,189,"489,547",44,"32,575",123,"151,861",5,5,9,184,"798,293",5,"3,954",167,0,100,71,115,4,93,82,0,41,19,34,42,23,21,17,15,9,10,0
KY,21,Northfield,city,"=""56730""",40,0,40,"76,221",10,"7,846",19,"23,391",4,3,4,38,"136,954",2,"1,687",32,0,12,23,15,2,22,14,0,9,6,7,8,4,3,4,4,3,2,0
KY,21,North Middletown,city,"=""56820""",83,0,83,"183,956",21,"19,156",40,"55,949",2,2,3,80,"329,550",1,"1,399",73,0,26,19,55,2,29,20,0,11,7,9,13,6,5,5,4,3,2,0
KY,21,Nortonville,city,"=""56910""",113,0,113,"259,753",27,"20,625",65,"75,844",0,0,0,110,"447,112",0,"2,550",97,0,54,38,75,0,54,46,0,20,15,21,23,16,9,10,0,0,0,0
KY,21,Norwood,city,"=""56928""",15,0,15,"28,606",4,"2,945",7,"8,779",1,1,1,14,"51,399",1,633,12,0,4,9,6,1,8,5,0,3,2,2,3,2,1,1,1,1,1,0
KY,21,Oakbrook,CDP,"=""57030""",710,10,710,"1,605,813",219,"173,531",416,"517,845",38,32,44,689,"2,927,319",21,"25,274",616,0,285,385,306,20,358,293,0,115,72,116,140,83,66,73,68,48,42,0
KY,21,Oak Grove,city,"=""57090""","1,162",0,"1,162","3,240,303",339,"242,542",872,"1,172,785",61,50,88,"1,155","5,979,848",0,"3,289","1,125",0,582,606,485,71,495,592,0,141,79,178,179,134,153,155,122,94,64,0
KY,21,Oakland,city,"=""57144""",14,0,14,"35,687",3,"2,845",9,"11,173",0,0,0,14,"61,785",0,569,13,0,5,4,10,0,10,3,0,4,0,0,3,0,0,0,0,0,0,0
KY,21,Old Brownsboro Place,city,"=""57658""",20,0,20,"41,665",5,"4,301",11,"12,864",2,2,1,20,"74,820",1,881,17,0,7,12,8,0,11,7,0,5,2,4,4,2,2,2,2,1,1,0
KY,21,Olive Hill,city,"=""57918""",206,0,206,"522,230",45,"32,683",123,"155,827",0,5,8,197,"835,993",8,"6,268",180,0,91,54,147,5,131,64,0,62,19,37,47,27,21,17,15,14,9,0
KY,21,Oneida,CDP,"=""58062""",21,0,21,"56,495",4,"2,260",13,"15,458",0,0,0,21,"84,605",0,81,18,0,9,8,13,0,12,7,0,5,0,4,6,3,0,0,0,0,0,0
KY,21,Onton,CDP,"=""58116""",14,0,14,"33,665",5,"3,552",8,"11,173",0,0,0,14,"62,123",0,495,13,0,6,4,10,0,6,7,0,2,1,2,2,2,2,2,1,1,0,0
KY,21,Orchard Grass Hills,city,"=""58200""",68,0,68,"151,173",20,"16,065",38,"48,835",6,4,7,64,"264,393",4,"3,067",55,0,22,33,33,2,41,23,0,20,7,9,11,8,8,7,6,6,6,0
KY,21,Owensboro,city,"=""58620""","5,672",88,"5,672","13,298,075","1,470","1,096,164","3,253","4,123,332",315,171,320,"5,529","23,449,809",141,"112,155","4,895",0,"2,132","2,321","2,633",679,"2,771","2,421",0,715,623,964,"1,134",686,613,525,471,312,288,0
KY,21,Owenton,city,"=""58692""",129,0,129,"331,208",34,"25,823",80,"103,494",0,4,5,125,"560,474",4,"1,864",113,0,52,32,96,0,94,29,0,34,16,19,26,17,15,10,10,8,7,0
KY,21,Owingsville,city,"=""58710""",210,0,210,"529,038",49,"42,371",129,"161,362",0,6,6,203,"880,385",8,"6,230",178,0,97,59,150,0,116,81,0,64,23,37,45,24,20,16,16,12,14,0
KY,21,Paducah,city,"=""58836""","2,560",28,"2,560","6,052,146",533,"373,859","1,479","1,760,142",120,67,115,"2,488","10,004,109",60,"54,416","2,242",0,"1,198","1,259","1,159",131,"1,250","1,051",0,408,288,482,591,338,252,185,136,108,100,0
KY,21,Paintsville,city,"=""58962""",397,0,397,"990,966",84,"61,935",237,"262,020",13,13,16,387,"1,575,260",0,"10,296",350,0,200,141,248,0,219,148,0,90,32,84,84,63,42,35,20,17,20,0
KY,21,Paris,city,"=""59196""",825,0,825,"1,911,062",190,"144,366",473,"576,472",31,25,37,803,"3,232,264",19,"34,033",696,0,377,280,506,25,442,297,0,165,98,139,186,88,69,70,62,41,35,0
KY,21,Park City,city,"=""59232""",49,0,49,"125,250",14,"10,618",32,"40,842",0,0,0,47,"208,747",0,"3,714",42,0,19,10,37,0,35,12,0,17,0,5,13,7,0,5,0,0,0,0
KY,21,Park Hills,city,"=""59255""",277,5,277,"670,047",46,"32,577",159,"195,440",7,8,13,272,"1,047,023",5,"3,412",241,0,137,148,113,17,142,102,0,50,38,63,76,34,22,15,15,8,6,0
KY,21,Parkway Village,city,"=""59322""",57,1,57,"97,117",11,"7,722",24,"26,920",4,3,4,54,"178,486",3,"1,948",46,0,19,33,22,2,28,22,0,10,10,12,15,4,4,4,4,2,2,0
KY,21,Pathfork,CDP,"=""59466""",34,0,34,"109,115",3,"1,981",24,"34,092",0,0,0,34,"167,417",0,0,30,0,18,0,25,0,25,0,0,0,0,0,0,0,0,0,0,0,0,0
KY,21,Payne Gap,CDP,"=""59592""",25,0,25,"68,464",4,"2,864",16,"20,398",0,0,0,25,"107,362",0,640,22,0,12,12,13,0,11,13,0,6,3,4,7,3,2,1,2,1,1,0
KY,21,Pembroke,city,"=""59934""",71,0,71,"183,368",23,"18,188",54,"68,429",0,0,0,69,"336,366",0,"1,189",62,0,35,33,36,0,42,28,0,19,0,8,17,8,0,0,9,0,0,0
KY,21,Perryville,city,"=""60258""",74,0,74,"175,109",21,"15,762",47,"58,150",0,0,0,72,"332,510",0,"1,263",66,0,34,23,51,0,44,24,0,18,0,14,10,12,11,0,0,0,0,0
KY,21,Petersburg,CDP,"=""60312""",38,0,38,"90,922",8,"7,019",22,"28,956",0,0,0,36,"158,138",0,"1,316",32,0,15,21,17,0,19,16,0,9,0,8,7,0,0,0,0,0,0,0
KY,21,Pewee Valley,city,"=""60492""",73,0,73,"149,516",23,"18,926",37,"48,780",9,0,0,71,"290,856",0,"1,054",62,0,24,37,33,0,41,25,0,14,9,11,9,0,0,0,0,0,0,0
KY,21,Phelps,CDP,"=""60600""",87,0,87,"201,614",19,"14,014",50,"58,358",0,0,0,86,"350,295",0,"1,731",73,0,50,31,56,0,55,27,0,17,12,14,21,11,0,0,0,0,0,0
KY,21,Pikeville,city,"=""60852""",628,0,628,"1,478,884",125,"92,437",345,"411,122",8,17,18,615,"2,462,067",8,"9,577",554,0,310,274,346,0,326,248,0,114,59,118,148,82,63,36,24,24,24,0
KY,21,Pine Knot,CDP,"=""61122""",156,0,156,"433,023",28,"20,791",99,"126,281",0,0,6,151,"642,985",0,"3,713",133,0,83,68,84,0,72,71,0,49,14,30,40,20,16,10,6,0,7,0
KY,21,Pineville,city,"=""61248""",185,0,185,"492,871",33,"24,176",116,"135,644",0,0,6,181,"776,339",0,"2,224",160,0,96,51,129,5,122,53,0,47,18,36,43,31,18,11,12,8,6,0
KY,21,Pioneer Village,city,"=""61356""",213,3,213,"493,520",65,"50,259",126,"154,421",14,9,12,207,"901,504",5,"3,898",189,0,91,105,105,3,106,89,0,34,21,32,38,25,24,25,19,16,12,0
KY,21,Pippa Passes,city,"=""61374""",15,0,15,"38,294",1,"1,939",9,"10,672",0,0,0,14,"56,086",0,277,11,0,7,0,10,0,8,4,0,4,3,0,0,0,0,0,0,0,0,0
KY,21,Plano,CDP,"=""61536""",79,1,79,"176,440",20,"14,465",45,"56,206",4,5,6,75,"299,901",4,"4,639",66,0,29,32,45,3,42,31,0,18,8,14,17,8,8,7,6,5,5,0
KY,21,Plantation,city,"=""61554""",48,0,48,"98,352",13,"10,152",26,"30,366",5,4,4,46,"176,616",2,"2,081",41,0,17,27,20,0,27,18,0,11,5,8,10,4,5,5,4,3,3,0
KY,21,Pleasant View,CDP,"=""61734""",48,1,48,"132,027",10,"7,255",31,"39,010",1,1,2,47,"208,070",1,560,43,0,26,15,33,0,23,21,0,13,4,8,12,7,5,3,3,3,2,0
KY,21,Pleasureville,city,"=""61788""",88,0,88,"199,744",23,"17,084",49,"61,634",0,0,0,84,"355,438",0,"1,566",76,0,43,24,62,0,47,33,0,24,9,17,15,13,11,8,0,6,0,0
KY,21,Poplar Hills,city,"=""62370""",55,2,55,"124,831",14,"10,096",31,"38,652",3,2,3,53,"217,471",2,"1,188",48,0,24,24,28,2,30,20,0,10,6,10,12,7,5,5,5,3,2,0
KY,21,Powderly,city,"=""62652""",121,0,121,"257,231",35,"28,285",62,"70,199",0,0,0,115,"431,197",0,"4,822",97,0,49,29,84,0,70,39,0,25,0,25,23,0,0,0,0,0,0,0
KY,21,Prestonsburg,city,"=""62940""",294,0,294,"685,525",58,"44,789",167,"193,875",0,10,7,284,"1,118,001",10,"6,373",250,0,144,91,194,9,162,106,0,66,34,64,64,41,20,19,23,13,15,0
KY,21,Prestonville,city,"=""62958""",14,0,14,"34,946",4,"2,677",9,"10,740",0,0,0,13,"61,377",0,238,12,0,7,4,9,0,8,4,0,2,1,3,3,2,1,1,1,1,0,0
KY,21,Princeton,city,"=""63138""",659,0,659,"1,637,701",153,"120,456",401,"480,520",14,17,29,643,"2,837,333",16,"10,220",576,0,366,248,407,0,332,282,0,122,61,132,152,84,69,46,60,24,30,0
KY,21,Prospect,city,"=""63264""",98,0,98,"158,126",22,"17,389",35,"43,607",0,0,11,88,"267,460",11,"9,544",69,0,21,54,41,0,65,23,0,34,18,20,18,9,7,8,0,8,0,0
KY,21,Providence,city,"=""63372""",316,0,316,"746,013",88,"73,691",179,"214,136",0,0,0,308,"1,350,971",0,"3,121",277,0,151,80,234,0,127,163,0,48,25,51,64,42,30,36,25,20,20,0
KY,21,Pryorsburg,CDP,"=""63426""",32,0,32,"82,588",7,"5,164",20,"25,049",1,1,1,31,"134,754",1,649,28,0,14,11,21,0,18,12,0,7,4,6,7,5,3,3,2,1,2,0
KY,21,Raceland,city,"=""63858""",190,0,190,"423,527",35,"26,289",103,"124,679",0,11,10,183,"730,360",0,"4,835",166,0,83,85,98,0,84,84,0,34,21,35,47,19,19,17,15,0,0,0
KY,21,Radcliff,city,"=""63912""","2,626",36,"2,626","6,509,673",634,"445,177","1,616","2,088,569",132,125,139,"2,579","11,442,735",45,"34,951","2,406",0,"1,306","1,329","1,186",76,"1,140","1,223",0,340,249,466,551,348,286,232,197,138,117,0
KY,21,Ravenna,city,"=""64092""",69,0,69,"144,649",18,"14,846",34,"40,113",0,0,0,66,"255,147",0,"1,359",57,0,40,17,51,0,46,19,0,19,11,12,15,9,0,0,0,0,0,0
KY,21,Raywick,city,"=""64146""",18,0,18,"38,327",5,"3,753",9,"10,791",0,0,0,17,"65,055",0,571,14,0,6,6,12,0,12,4,0,6,0,3,3,0,0,0,0,0,0,0
KY,21,Reidland,CDP,"=""64632""",451,6,451,"1,096,981",101,"71,842",267,"315,663",22,11,18,440,"1,808,637",10,"8,226",400,0,224,212,213,25,226,183,0,72,51,83,104,66,45,34,27,22,18,0
KY,21,Richlawn,city,"=""65208""",17,0,17,"29,694",4,"2,708",7,"9,216",1,1,2,16,"53,461",1,713,13,0,5,10,7,0,9,6,0,4,3,4,3,2,1,2,1,1,1,0
KY,21,Richmond,city,"=""65226""","2,564",33,"2,564","5,629,769",577,"448,125","1,425","1,678,692",101,103,162,"2,483","9,522,368",75,"74,452","2,220",0,"1,145",969,"1,485",105,"1,562",768,0,597,286,503,556,281,237,184,174,122,127,0
KY,21,River Bluff,city,"=""65559""",8,0,8,"12,826",2,"1,410",3,"3,537",0,0,1,7,"21,694",1,774,6,0,2,4,3,0,5,2,0,3,1,2,1,1,1,1,0,1,0,0
KY,21,Riverwood,city,"=""65766""",16,0,16,"27,483",3,"2,507",7,"8,530",1,1,2,15,"49,479",1,660,12,0,5,9,6,0,8,5,0,4,2,3,3,2,1,1,1,1,1,0
KY,21,Robards,city,"=""65874""",38,0,38,"83,230",12,"9,655",21,"27,705",0,0,0,36,"161,378",0,"3,366",33,0,13,14,23,0,19,15,0,9,0,5,7,5,0,0,0,0,0,0
KY,21,Rochester,city,"=""65982""",13,0,13,"31,640",3,"3,512",8,"8,662",0,0,0,13,"55,279",0,0,8,0,0,0,11,0,0,0,0,0,0,0,0,0,0,0,0,0,0,0
KY,21,Rockholds,CDP,"=""66162""",59,0,59,"159,739",14,"10,805",40,"46,952",0,0,0,58,"249,887",0,868,54,0,32,16,42,0,33,22,0,20,5,12,14,8,5,5,4,4,0,0
KY,21,Rockport,city,"=""66216""",26,0,26,"66,951",7,"4,766",17,"19,128",0,0,0,25,"110,108",0,35,23,0,15,1,20,0,15,1,0,1,0,1,1,0,0,0,0,0,0,0
KY,21,Rolling Fields,city,"=""66486""",22,0,22,"38,697",5,"3,529",10,"12,010",2,1,2,21,"69,669",1,929,17,0,7,12,9,1,12,8,0,5,3,5,4,2,2,2,1,1,1,0
KY,21,Rolling Hills,city,"=""66504""",55,0,55,"111,957",15,"11,556",29,"34,566",5,5,4,53,"201,047",2,"2,369",47,0,19,31,23,0,30,20,0,13,6,10,11,5,6,6,5,3,4,0
KY,21,Rosine,CDP,"=""66846""",13,0,13,"31,646",4,"2,414",8,"10,848",0,0,0,13,"55,152",0,390,11,0,6,3,9,0,8,4,0,3,0,0,3,0,0,0,0,0,0,0
KY,21,Russell,city,"=""67458""",272,1,272,"610,786",50,"37,299",150,"177,926",2,14,14,263,"1,038,795",1,"6,190",238,0,124,125,137,3,119,121,0,48,32,53,67,29,27,22,20,4,2,0
KY,21,Russell Springs,city,"=""67494""",290,5,290,"702,414",63,"45,611",169,"202,618",9,7,11,278,"1,145,173",12,"8,316",246,0,114,75,213,0,169,97,0,92,33,56,64,38,28,23,20,16,13,0
KY,21,Russellville,city,"=""67512""",740,0,740,"1,780,885",192,"143,353",449,"551,470",17,21,31,715,"3,058,568",24,"24,253",642,0,375,260,436,43,416,268,0,151,74,128,169,90,65,73,58,47,35,0
KY,21,Ryland Heights,city,"=""67602""",92,1,92,"211,098",23,"16,870",54,"65,703",4,3,4,89,"364,357",3,"1,814",81,0,43,48,41,3,45,37,0,16,13,18,19,10,8,8,7,5,4,0
KY,21,Sacramento,city,"=""67638""",38,0,38,"81,982",9,"8,034",22,"27,651",0,0,0,37,"152,656",0,"2,359",32,0,17,10,27,0,23,13,0,7,0,6,9,0,0,0,0,0,0,0
KY,21,Sadieville,city,"=""67656""",17,0,17,"39,755",5,"4,654",10,"12,048",0,0,0,16,"72,412",0,689,14,0,8,5,11,0,13,3,0,6,2,3,3,2,0,0,0,2,2,0
KY,21,St. Charles,city,"=""67710""",37,0,37,"92,960",4,"6,985",22,"29,793",0,0,0,36,"167,453",0,765,33,0,19,12,25,0,21,13,0,0,0,0,0,0,0,0,0,0,0,0
KY,21,St. Matthews,city,"=""67944""",793,13,793,"1,409,977",178,"132,092",354,"436,570",60,53,82,751,"2,537,423",42,"33,296",628,0,237,449,321,24,427,277,0,188,122,162,154,81,57,71,58,43,41,0
KY,21,St. Regis Park,city,"=""67998""",100,3,100,"210,557",26,"19,698",53,"65,679",8,6,8,96,"369,990",4,"3,334",84,0,33,50,45,4,55,35,0,22,11,18,21,11,9,10,9,6,5,0
KY,21,Salem,city,"=""68052""",59,0,59,"135,363",14,"11,991",32,"42,706",0,0,0,57,"233,383",0,634,49,0,19,16,43,0,32,21,0,16,0,13,12,0,0,0,0,0,0,0
KY,21,Salt Lick,city,"=""68160""",37,0,37,"95,752",9,"6,396",24,"28,960",0,0,0,36,"153,259",0,885,31,0,15,10,27,0,23,12,0,11,4,6,9,5,3,4,3,0,0,0
KY,21,Salvisa,CDP,"=""68214""",30,0,30,"52,422",9,"7,684",13,"15,206",0,0,0,27,"99,878",0,852,23,0,9,10,20,0,18,9,0,11,0,5,6,0,0,0,0,0,0,0
KY,21,Salyersville,city,"=""68232""",179,0,179,"470,507",36,"28,425",112,"137,471",0,7,5,174,"744,303",5,"3,101",147,0,81,40,137,0,83,84,0,51,16,34,38,26,18,13,12,9,11,0
KY,21,Sanders,city,"=""68358""",15,0,15,"34,761",3,"2,554",8,"10,945",0,0,0,15,"61,835",0,259,13,0,9,5,10,0,8,6,0,3,0,4,0,0,0,0,0,0,0,0
KY,21,Sandy Hook,city,"=""68556""",56,0,56,"156,981",11,"8,751",35,"44,119",0,0,0,55,"243,724",0,511,51,0,19,13,42,0,45,8,0,21,5,12,10,7,7,5,0,3,0,0
KY,21,Sardis,city,"=""68646""",8,0,8,"18,380",2,"1,558",5,"6,011",0,0,0,7,"34,390",0,484,6,0,3,3,5,0,4,3,0,3,0,2,0,0,0,0,0,0,0,0
KY,21,Science Hill,city,"=""68952""",68,0,68,"168,209",15,"11,291",40,"54,549",0,0,0,65,"280,423",0,"1,853",58,0,30,20,47,0,32,29,0,18,7,11,13,10,5,8,6,3,4,0
KY,21,Scottsville,city,"=""69114""",482,0,482,"1,178,519",109,"86,877",287,"363,878",13,17,26,464,"2,013,132",18,"15,171",425,0,215,118,359,0,258,183,0,145,46,84,105,66,44,38,43,30,24,0
KY,21,Sebree,city,"=""69222""",129,0,129,"305,227",41,"32,207",76,"101,306",0,0,0,126,"563,251",0,"4,486",113,0,51,40,88,0,56,60,0,20,13,19,16,19,14,18,14,10,0,0
KY,21,Sedalia,CDP,"=""69258""",19,0,19,"48,343",1,"2,746",11,"14,749",0,0,0,19,"76,107",0,"1,345",17,0,7,8,12,0,11,7,0,5,0,4,5,0,0,0,0,0,0,0
KY,21,Seneca Gardens,city,"=""69384""",22,0,22,"28,614",3,"2,755",7,"7,917",1,1,2,20,"53,526",2,"1,087",16,0,5,14,8,1,12,6,0,6,4,6,5,2,1,1,1,1,1,0
KY,21,Sharpsburg,city,"=""69852""",44,0,44,"114,067",9,"6,977",26,"34,012",0,0,0,43,"181,849",0,"1,322",37,0,19,14,29,0,30,12,0,18,5,7,12,6,0,0,0,0,0,0
KY,21,Shelbyville,city,"=""70050""","1,219",28,"1,219","2,911,146",341,"261,811",751,"987,025",75,51,58,"1,179","5,106,866",38,"30,604","1,055",0,543,488,662,41,645,456,0,243,113,203,239,133,124,118,103,85,69,0
KY,21,Shepherdsville,city,"=""70086""","1,037",9,"1,037","2,406,295",301,"225,315",609,"731,986",66,33,49,"1,013","4,343,583",25,"18,387",923,0,454,486,543,8,501,447,0,168,111,158,195,121,123,120,84,71,52,0
KY,21,Shively,city,"=""70284""","2,200",47,"2,200","5,405,324",621,"461,259","1,352","1,662,907",151,120,104,"2,166","9,471,631",34,"26,937","1,975",0,"1,082",928,"1,108",131,"1,162",834,0,307,210,361,418,271,262,237,188,132,82,0
KY,21,Silver Grove,city,"=""70644""",109,0,109,"276,913",17,"19,825",67,"86,595",0,0,0,107,"483,819",0,"2,184",94,0,53,43,65,0,57,46,0,5,0,4,5,4,0,0,0,0,0,0
KY,21,Simpsonville,city,"=""70752""",130,0,130,"256,935",37,"31,255",63,"79,360",0,0,11,121,"460,168",0,"5,389",107,0,45,61,61,0,69,47,0,30,17,20,28,14,0,0,14,0,0,0
KY,21,Slaughters,city,"=""71130""",13,0,13,"29,823",1,"2,545",7,"8,165",0,0,0,13,"49,875",0,262,11,0,4,6,7,0,6,6,0,3,0,0,0,0,0,0,0,0,0,0
KY,21,Smithfield,city,"=""71364""",10,0,10,"21,768",3,"2,142",5,"6,419",0,0,0,9,"39,853",0,375,8,0,4,4,6,0,5,4,0,3,0,2,2,0,1,0,0,0,0,0
KY,21,Smithland,city,"=""71382""",24,0,24,"56,096",5,"3,827",14,"17,517",0,0,0,23,"93,991",0,409,20,0,11,9,14,0,12,10,0,6,0,5,5,3,0,0,0,0,0,0
KY,21,Smiths Grove,city,"=""71454""",77,0,77,"184,487",21,"16,115",47,"60,349",0,3,4,73,"327,133",4,"1,778",65,0,28,20,56,0,54,18,0,23,7,13,13,10,7,8,7,6,5,0
KY,21,Somerset,city,"=""71688""","1,296",16,"1,296","3,149,486",267,"197,527",752,"955,222",38,27,48,"1,247","5,158,089",43,"39,682","1,104",0,600,429,837,19,614,532,0,293,127,231,253,157,118,98,85,53,55,0
KY,21,Sonora,city,"=""71724""",50,0,50,"114,929",13,"11,217",30,"36,026",0,0,0,47,"199,210",0,"2,088",42,0,19,19,31,0,29,17,0,17,4,9,12,5,0,6,0,0,0,0
KY,21,South Carrollton,city,"=""71814""",18,0,18,"40,940",4,"2,889",10,"12,312",0,0,1,17,"69,744",1,313,16,0,9,5,13,0,10,7,0,3,2,3,4,2,2,1,1,1,1,0
KY,21,Southgate,city,"=""71976""",424,9,424,"1,022,346",82,"60,391",248,"303,613",15,13,19,416,"1,675,856",8,"5,731",369,18,195,214,191,19,190,191,0,74,53,89,105,55,37,29,25,20,13,0
KY,21,South Shore,city,"=""72210""",109,0,109,"267,479",21,"16,485",59,"74,604",0,0,0,106,"427,671",0,"3,891",96,0,53,42,64,0,48,50,0,25,9,23,23,18,10,8,7,6,6,0
KY,21,South Wallins,CDP,"=""72255""",70,0,70,"176,993",8,"7,059",39,"47,172",0,0,0,69,"272,514",0,"1,357",59,0,35,17,51,0,45,21,0,18,10,14,17,9,7,0,0,0,0,0
KY,21,South Williamson,CDP,"=""72264""",39,0,39,"75,295",8,"7,779",20,"21,199",0,0,0,39,"146,698",0,0,34,0,18,20,18,0,0,0,0,0,0,0,0,0,0,0,0,0,0,0
KY,21,Sparta,city,"=""72372""",19,0,19,"45,397",6,"5,161",11,"15,991",0,0,0,18,"85,314",0,430,17,0,7,8,11,0,11,7,0,4,0,0,3,3,2,0,0,0,0,0
KY,21,Spottsville,CDP,"=""72570""",25,0,25,"48,780",8,"6,401",14,"11,924",0,0,0,24,"91,993",0,"1,985",21,0,11,9,15,0,12,11,0,0,0,0,0,0,0,0,0,0,0,0
KY,21,Springfield,city,"=""72660""",266,0,266,"638,014",69,"52,327",159,"200,610",14,12,13,257,"1,140,330",9,"5,857",213,0,109,79,185,0,140,104,0,68,24,49,50,37,25,27,27,13,13,0
KY,21,Spring Mill,city,"=""72770""",21,0,21,"48,258",6,"4,755",12,"16,213",2,1,1,20,"87,463",1,780,18,0,7,10,10,1,12,7,0,4,2,3,4,3,2,2,2,2,1,0
KY,21,Spring Valley,city,"=""72790""",24,0,24,"46,470",6,"4,936",12,"14,455",2,2,2,22,"84,165",1,"1,237",20,0,8,12,11,1,14,8,0,6,3,4,5,2,2,2,2,2,1,0
KY,21,Stamping Ground,city,"=""73038""",51,0,51,"125,845",12,"9,269",31,"37,688",0,0,0,48,"202,544",0,"2,311",41,0,23,15,35,0,39,9,0,17,6,8,11,5,5,6,4,0,0,0
KY,21,Stanford,city,"=""73110""",360,0,360,"842,855",93,"71,770",206,"248,579",6,10,19,347,"1,440,105",13,"9,328",299,0,133,99,257,0,216,117,0,95,39,65,72,44,33,34,29,23,21,0
KY,21,Stanton,city,"=""73164""",366,0,366,"905,406",85,"65,089",219,"251,022",9,0,15,361,"1,460,993",0,"3,758",316,0,208,93,272,0,189,151,0,92,39,67,85,49,35,32,22,19,19,0
KY,21,Stearns,CDP,"=""73362""",165,0,165,"469,513",31,"24,345",110,"146,493",0,0,0,161,"729,430",0,"1,716",147,0,82,82,82,0,67,84,0,42,13,30,39,26,16,17,8,0,10,0
KY,21,Strathmoor Manor,city,"=""74064""",10,0,10,"13,327",2,"1,283",3,"3,687",0,0,1,9,"24,930",1,506,8,0,2,6,4,0,6,3,0,3,2,3,2,1,1,1,1,0,0,0
KY,21,Strathmoor Village,city,"=""74082""",20,0,20,"26,066",3,"2,510",6,"7,212",1,1,2,19,"48,760",2,990,15,0,5,12,7,1,11,6,0,5,3,6,5,1,1,1,1,1,1,0
KY,21,Sturgis,city,"=""74316""",155,0,155,"371,354",47,"39,764",99,"120,535",0,0,0,149,"695,395",0,"4,467",132,0,69,56,96,0,69,78,0,27,14,23,32,22,11,15,12,11,12,0
KY,21,Summer Shade,CDP,"=""74586""",33,0,33,"76,926",9,"7,212",19,"21,345",0,0,0,31,"132,685",0,"1,482",28,0,13,4,28,0,25,7,0,16,3,5,7,4,0,3,4,0,0,0
KY,21,Summersville,CDP,"=""74604""",55,0,55,"132,900",12,"9,400",31,"38,991",2,2,3,52,"222,993",3,"2,144",43,0,20,13,40,2,35,17,0,21,6,9,11,7,6,5,4,3,4,0
KY,21,Symsonia,CDP,"=""75270""",50,0,50,"122,775",13,"11,944",30,"39,846",0,0,0,48,"219,081",0,"1,130",43,0,22,21,28,0,28,20,0,14,0,8,9,8,0,0,0,0,0,0
KY,21,Taylor Mill,city,"=""75738""",668,9,668,"1,533,394",166,"122,544",390,"477,256",28,25,30,650,"2,646,652",19,"13,174",589,0,314,350,298,20,328,267,0,116,91,128,140,76,58,58,51,40,26,0
KY,21,Taylorsville,city,"=""75810""",58,0,58,"123,131",17,"14,589",32,"40,117",4,3,4,55,"233,530",2,"1,424",49,0,22,27,30,0,30,23,0,13,6,8,10,7,5,6,5,5,5,0
KY,21,Tolu,CDP,"=""77124""",8,0,8,"18,384",2,"1,387",4,"5,377",0,0,0,7,"31,819",0,141,6,0,3,2,6,0,4,3,0,2,1,1,1,1,1,1,0,0,0,0
KY,21,Tompkinsville,city,"=""77160""",264,0,264,"692,198",52,"36,349",161,"208,344",8,9,10,253,"1,110,108",11,"8,655",223,0,124,62,201,0,160,81,0,101,21,49,62,39,28,22,18,12,13,0
KY,21,Trenton,city,"=""77592""",25,0,25,"59,250",8,"6,225",15,"18,583",0,0,0,23,"98,770",0,"1,657",19,0,9,11,13,0,13,11,0,0,0,0,0,0,0,0,0,0,0,0
KY,21,Union,city,"=""78384""",171,0,171,"335,532",50,"38,785",90,"118,085",9,10,13,163,"647,436",8,"6,078",138,0,50,88,81,0,105,54,0,45,20,26,31,16,17,14,15,18,12,0
KY,21,Uniontown,city,"=""78492""",95,0,95,"188,993",21,"18,939",46,"53,421",0,0,0,91,"357,245",0,"4,814",82,0,47,26,63,0,48,37,0,16,0,23,20,0,0,0,0,0,0,0
KY,21,Upton,city,"=""78672""",85,0,85,"205,343",23,"16,923",47,"58,786",0,0,0,81,"331,457",0,"2,399",68,0,34,27,58,0,52,27,0,32,7,17,19,9,9,8,0,6,6,0
KY,21,Vanceburg,city,"=""79068""",244,0,244,"613,920",50,"37,884",144,"189,019",0,6,8,233,"1,013,269",11,"8,190",206,0,98,88,139,17,138,90,0,76,24,40,56,42,20,18,19,11,12,0
KY,21,Verona,CDP,"=""79464""",108,0,108,"258,138",30,"22,037",65,"83,829",0,0,1,104,"450,460",0,"5,018",94,0,45,55,51,0,59,41,0,24,10,21,23,11,1,12,10,1,1,0
KY,21,Versailles,city,"=""79482""",657,0,657,"1,524,404",175,"130,574",376,"502,758",30,27,47,629,"2,605,856",28,"20,157",546,0,258,273,366,18,376,229,0,170,66,110,131,76,58,71,58,48,38,0
KY,21,Vicco,city,"=""79590""",36,0,36,"101,513",7,"5,840",23,"27,994",0,0,0,35,"152,941",0,618,29,0,17,11,24,0,21,13,0,11,0,7,8,5,0,0,0,0,0,0
KY,21,Villa Hills,city,"=""79698""",371,5,371,"768,822",113,"89,091",199,"243,675",28,22,34,357,"1,431,065",14,"11,005",316,0,128,212,152,7,190,146,0,70,41,51,74,42,36,41,34,28,23,0
KY,21,Vine Grove,city,"=""79734""",459,1,459,"1,101,428",130,"99,948",283,"371,766",21,21,27,451,"1,998,134",8,"7,775",413,0,189,237,205,17,246,174,0,81,47,71,84,61,48,38,40,34,36,0
KY,21,Virgie,CDP,"=""79860""",20,0,20,"46,536",4,"3,479",11,"13,826",0,0,0,20,"80,788",0,579,17,0,10,10,10,0,9,9,0,4,2,3,5,3,2,2,0,0,2,0
KY,21,Wallins Creek,city,"=""80310""",12,0,12,"29,088",1,"1,160",6,"7,753",0,0,0,11,"44,786",0,223,10,0,6,3,8,0,7,3,0,3,2,2,3,1,1,0,0,0,0,0
KY,21,Walton,city,"=""80490""",268,0,268,"619,957",78,"61,828",159,"211,609",14,13,17,260,"1,132,307",8,"8,943",238,0,112,144,121,0,141,108,0,56,27,40,53,31,24,29,25,18,22,0
KY,21,Warfield,city,"=""80616""",22,0,22,"73,266",1,"1,798",16,"20,530",0,0,0,22,"98,752",0,93,20,0,15,15,8,0,10,11,0,6,0,4,7,5,0,0,0,0,0,0
KY,21,Warsaw,city,"=""80706""",148,0,148,"368,178",52,"38,189",95,"129,712",0,0,0,144,"666,269",0,"2,809",128,0,66,63,82,0,81,60,0,28,15,17,28,19,15,16,17,11,8,0
KY,21,Water Valley,city,"=""80832""",33,0,33,"83,108",8,"4,747",19,"25,565",0,0,0,32,"149,402",0,"2,003",30,0,14,13,21,0,17,13,0,9,0,0,9,0,0,0,0,0,0,0
KY,21,Watterson Park,city,"=""80913""",177,7,177,"422,020",49,"35,540",101,"128,436",9,8,7,171,"732,372",5,"5,404",133,0,65,65,83,7,82,59,0,27,15,26,33,20,17,16,13,9,5,0
KY,21,Waverly,city,"=""80958""",17,0,17,"35,336",6,"4,601",8,"9,191",0,0,0,16,"64,464",0,936,14,0,7,6,11,0,7,8,0,0,0,0,0,0,0,0,0,0,0,0
KY,21,Wayland,city,"=""81012""",38,0,38,"103,111",4,"4,518",24,"28,057",0,0,0,38,"145,211",0,419,35,0,24,14,24,0,22,13,0,14,0,10,11,0,0,0,0,0,0,0
KY,21,Wellington,city,"=""81372""",19,0,19,"24,792",3,"2,387",6,"6,859",1,1,2,18,"46,377",1,942,14,0,4,12,7,1,11,5,0,5,3,5,4,1,1,1,1,1,1,0
KY,21,West Buechel,city,"=""81624""",182,8,182,"442,356",47,"32,857",110,"136,942",11,9,8,176,"748,731",6,"5,981",156,0,75,75,98,8,97,70,0,32,18,30,39,23,21,19,15,10,6,0
KY,21,West Liberty,city,"=""81858""",162,0,162,"417,058",38,"28,729",100,"126,361",0,0,4,156,"682,947",6,"4,376",137,0,60,35,125,0,98,55,0,55,16,26,33,24,19,14,9,10,10,0
KY,21,West Point,city,"=""81930""",106,0,106,"244,183",28,"21,748",65,"77,624",0,0,0,104,"439,639",0,336,94,0,49,51,51,0,57,37,0,18,12,24,20,0,0,0,0,0,0,0
KY,21,Westport,CDP,"=""81948""",13,0,13,"19,270",3,"3,531",3,"6,263",0,0,0,13,"40,918",0,57,10,0,0,0,0,0,8,0,0,0,0,0,0,0,0,0,0,0,0,0
KY,21,Westwood,CDP,"=""82146""",407,2,407,"936,470",85,"63,867",226,"268,187",10,12,17,398,"1,564,437",9,"4,974",359,0,198,185,201,21,179,182,0,68,47,80,99,51,36,28,25,21,19,0
KY,21,Westwood,city,"=""82164""",30,0,30,"61,789",8,"6,378",16,"19,077",3,3,2,29,"110,957",1,"1,307",26,0,10,17,12,0,17,11,0,7,3,5,6,3,3,3,3,2,2,0
KY,21,Wheatcroft,city,"=""82200""",11,0,11,"22,417",3,"2,481",5,"6,687",0,0,0,10,"41,939",0,657,9,0,4,4,7,0,4,6,0,2,0,2,2,1,0,0,0,0,0,0
KY,21,Wheelwright,city,"=""82272""",85,0,85,"207,115",9,"13,046",49,"53,917",0,0,0,85,"334,091",0,93,73,0,44,36,46,0,39,37,0,0,0,0,17,0,0,0,0,0,0,0
KY,21,White Plains,city,"=""82722""",72,0,72,"167,580",15,"11,509",32,"38,326",0,0,0,69,"271,106",0,"1,497",62,0,32,25,46,0,37,27,0,16,0,16,18,0,0,0,0,0,0,0
KY,21,Whitesburg,city,"=""82776""",180,0,180,"465,434",32,"25,915",105,"125,248",0,0,6,177,"714,718",0,880,150,0,81,45,134,0,103,67,0,55,18,36,50,26,12,11,11,8,7,0
KY,21,Whitesville,city,"=""82830""",47,0,47,"101,775",15,"11,491",25,"32,311",0,0,0,45,"198,221",0,"1,468",38,0,12,19,22,6,29,15,0,10,0,8,8,5,5,0,0,5,0,0
KY,21,Whitley City,CDP,"=""82938""",151,0,151,"409,674",33,"23,569",90,"120,492",0,0,5,146,"640,183",5,"5,811",133,0,78,70,78,0,65,71,0,36,14,27,33,24,15,13,11,7,7,0
KY,21,Wickliffe,city,"=""83064""",57,0,57,"122,523",21,"15,771",33,"36,437",0,0,0,55,"228,418",0,"1,942",48,0,17,20,37,0,32,20,0,15,6,11,0,0,6,0,7,0,0,0
KY,21,Wilder,city,"=""83172""",264,4,264,"613,892",57,"42,643",149,"184,223",10,10,14,258,"1,039,685",6,"4,533",229,8,114,136,118,11,123,115,0,45,32,52,62,32,24,20,17,15,9,0
KY,21,Wildwood,city,"=""83208""",12,0,12,"23,114",3,"2,057",6,"7,173",1,1,1,11,"40,482",0,391,10,0,4,6,5,0,6,4,0,3,1,2,3,1,1,1,1,1,1,0
KY,21,Williamsburg,city,"=""83334""",575,9,575,"1,573,830",121,"86,486",374,"465,017",13,15,21,565,"2,480,308",11,"6,679",516,0,314,178,393,0,278,253,0,156,50,100,146,85,54,42,39,32,24,0
KY,21,Williamstown,city,"=""83406""",353,0,353,"872,565",92,"68,837",201,"272,403",0,13,14,343,"1,562,439",0,"8,339",315,0,191,120,224,0,202,130,0,66,43,52,67,40,40,30,30,29,20,0
KY,21,Willisburg,city,"=""83424""",24,0,24,"56,522",5,"4,196",14,"19,276",0,0,0,24,"100,393",0,495,19,0,9,8,16,0,14,8,0,8,3,4,5,3,0,0,0,0,0,0
KY,21,Wilmore,city,"=""83550""",266,0,266,"604,601",56,"39,922",152,"214,466",0,17,36,254,"971,115",12,"12,651",225,0,87,129,132,0,170,79,0,93,35,44,50,32,26,24,19,15,21,0
KY,21,Winchester,city,"=""83676""","1,810",25,"1,810","4,379,133",439,"338,176","1,076","1,310,701",73,52,81,"1,760","7,255,312",45,"49,648","1,551",0,866,672,"1,073",56,921,700,0,359,168,331,395,230,174,138,140,100,86,0
KY,21,Windy Hills,city,"=""83784""",99,2,99,"173,268",21,"15,803",44,"53,776",7,7,10,94,"311,948",5,"4,160",78,0,30,56,41,3,53,35,0,24,16,21,19,10,7,9,7,5,5,0
KY,21,Wingo,city,"=""83856""",57,0,57,"136,394",15,"11,275",31,"38,106",0,0,0,55,"230,203",0,926,48,0,22,21,35,0,36,18,0,15,7,10,10,6,6,7,0,0,0,0
KY,21,Woodburn,city,"=""84414""",30,0,30,"64,627",10,"9,059",16,"21,023",0,0,0,28,"119,588",0,"1,852",24,0,12,10,19,0,15,12,0,7,0,0,6,0,0,0,0,0,0,0
KY,21,Woodland Hills,city,"=""84486""",32,0,32,"64,674",9,"7,898",16,"19,169",2,2,3,31,"113,354",2,"1,674",26,0,10,17,14,0,18,13,0,8,3,5,7,3,3,4,3,3,2,0
KY,21,Woodlawn,city,"=""84522""",22,0,22,"52,656",4,"3,110",13,"15,637",1,1,1,21,"86,314",0,295,19,1,10,11,10,1,10,10,0,4,3,5,5,3,2,1,1,1,1,0
KY,21,Woodlawn Park,city,"=""84576""",38,1,38,"66,496",8,"6,065",17,"20,638",3,3,4,36,"119,717",2,"1,597",30,0,11,21,16,1,20,13,0,9,6,8,7,4,3,3,3,2,2,0
KY,21,Worthington,city,"=""84864""",144,0,144,"332,314",43,"30,945",79,"101,495",0,0,0,140,"591,367",0,"4,547",121,0,61,63,76,0,70,61,0,22,0,24,29,0,0,0,0,0,0,0
KY,21,Worthington Hills,city,"=""84891""",56,0,56,"111,618",16,"12,208",28,"34,662",6,5,6,54,"206,606",2,"1,730",47,0,17,31,24,1,33,19,0,13,5,9,10,7,5,7,5,4,4,0
KY,21,Worthville,city,"=""84900""",27,0,27,"63,429",6,"3,860",16,"18,443",0,0,0,26,"105,918",0,"1,009",22,0,15,8,19,0,16,7,0,5,4,6,6,3,0,0,0,0,0,0
KY,21,Wurtland,city,"=""85008""",86,0,86,"208,644",19,"13,810",49,"63,040",0,3,2,84,"351,034",2,"2,071",75,0,40,33,50,3,45,35,0,21,10,15,18,12,8,7,6,5,5,0
